Station ID,Date,Mean Temperature (째C),Maximum Temperature (째C),Minimum Temperature (째C),Dew Point (째C),Humidity (%),Sea Level Pressure (hPa),Visibility (km),Wind Speed (m/s),Precipitation (mm),Weather Condition
2,2020-01-26,6.9,21.2,-4.1,8.9,32.5,990.9,1.3,13.0,60.1,Snow
4,2020-08-16,21.9,22.2,7.4,18.3,37.0,992.7,3.7,4.6,52.5,Rain
2,2021-11-23,9.4,13.8,0.2,-9.4,43.4,1005.6,9.2,11.8,20.0,Clear
10,2021-03-08,13.1,22.0,12.4,9.3,33.6,984.6,19.0,14.5,80.8,Clear
1,2020-04-05,3.7,5.2,-6.6,2.6,29.8,1014.7,0.8,13.6,25.9,Rain
4,2021-06-01,19.8,24.5,12.0,6.9,34.8,1047.9,15.5,14.1,89.5,Clear
9,2020-07-22,16.9,30.7,15.6,-7.2,23.6,1002.8,7.8,4.1,82.9,Cloudy
4,2021-04-04,6.1,10.3,-2.0,-9.4,84.2,985.2,19.7,11.6,19.9,Snow
1,2020-06-12,-9.8,2.4,-20.4,14.2,81.7,985.2,7.2,1.7,86.3,Cloudy
6,2020-10-11,18.0,23.0,17.0,-2.6,46.0,1031.1,12.8,13.3,47.2,Rain
4,2020-12-10,-4.6,6.1,-16.0,7.5,81.7,1014.6,10.5,6.4,2.5,Clear
2,2021-01-24,-5.1,-4.6,-14.6,-2.4,60.7,1043.5,5.1,6.2,75.6,Clear
6,2020-12-18,0.3,1.5,-4.0,-8.6,94.4,1036.6,12.7,13.1,80.4,Snow
1,2021-04-15,-1.6,11.8,-9.7,17.3,91.7,1002.3,2.3,3.4,42.7,Clear
7,2020-03-21,26.8,39.7,26.7,5.4,53.4,995.5,2.5,5.1,94.3,Snow
10,2021-01-05,4.5,12.3,-6.0,-0.5,97.7,1047.4,5.1,7.5,30.1,Rain
2,2020-02-16,2.8,3.4,-6.3,5.1,24.1,999.5,18.2,3.6,14.5,Rain
5,2020-03-22,12.0,26.8,8.4,11.9,80.9,996.6,14.6,5.5,63.2,Rain
2,2021-01-24,18.5,26.5,17.1,18.4,45.7,993.1,0.9,8.9,67.8,Snow
8,2021-10-12,-9.3,-1.6,-12.7,10.8,33.9,1028.4,7.8,14.1,13.8,Snow
3,2021-01-14,5.3,7.0,-8.6,20.1,40.6,1026.2,16.4,8.3,53.0,Snow
4,2021-11-17,0.9,2.3,-12.6,21.0,70.6,1003.7,7.0,10.9,89.7,Snow
2,2021-09-15,29.9,41.6,20.3,-11.6,32.9,1042.9,12.2,0.1,10.1,Rain
9,2020-09-07,19.9,20.0,17.5,6.9,75.4,1025.6,4.6,10.7,23.7,Rain
8,2021-01-23,4.6,15.8,-5.1,19.0,72.6,1019.8,2.0,5.5,26.5,Snow
9,2020-08-12,1.0,15.6,-4.9,20.7,70.5,1035.6,10.1,8.7,49.3,Snow
1,2020-08-22,-1.2,9.6,-5.4,-14.0,71.6,992.4,18.8,14.3,91.5,Clear
6,2021-02-14,6.7,6.9,-7.2,2.1,97.3,1047.5,17.1,4.4,38.5,Snow
2,2020-08-04,28.3,33.1,25.8,7.3,94.9,1028.7,11.4,1.5,61.5,Snow
4,2021-11-02,34.6,36.7,26.8,20.1,79.3,1028.8,14.1,5.4,29.4,Cloudy
7,2021-10-20,26.4,38.6,13.4,21.5,60.9,1015.1,16.0,9.7,70.2,Cloudy
3,2020-09-28,25.8,39.2,20.7,0.0,27.5,1020.5,0.8,7.0,54.3,Rain
4,2021-07-28,2.9,11.8,2.4,-13.5,85.8,1005.2,2.6,7.8,77.0,Snow
10,2021-03-14,-0.3,9.0,-1.6,-12.9,62.5,1017.8,12.8,10.9,97.6,Cloudy
6,2020-08-12,13.2,18.0,1.3,-4.2,55.1,985.5,0.6,14.4,83.6,Rain
9,2021-05-20,21.3,27.4,18.7,-8.7,40.0,1018.4,14.3,9.9,28.0,Clear
1,2020-04-22,33.0,44.1,24.7,9.5,53.6,997.3,7.2,11.4,1.4,Rain
3,2021-11-27,-4.8,-4.1,-5.4,19.2,76.3,1013.2,2.0,7.4,47.3,Cloudy
10,2020-03-06,-2.2,4.3,-8.2,9.6,70.8,983.2,7.6,9.4,50.3,Cloudy
7,2021-09-02,28.5,38.4,26.1,-12.2,71.4,981.9,11.8,14.1,57.5,Cloudy
9,2020-09-14,7.5,17.1,0.6,6.8,95.3,1007.0,19.2,13.6,19.6,Clear
2,2021-11-29,-6.9,-5.4,-7.2,-11.2,74.6,985.0,6.4,12.7,2.3,Snow
6,2020-04-24,26.7,30.9,24.9,12.9,70.3,1041.4,14.7,12.1,28.2,Snow
7,2020-06-10,-2.0,9.3,-14.1,24.6,53.0,1006.0,15.6,5.1,93.1,Cloudy
1,2020-09-26,28.6,35.0,17.3,15.2,28.2,1043.2,10.2,12.4,32.0,Rain
9,2020-04-18,30.3,36.1,30.1,21.2,27.3,1002.4,19.0,14.3,57.3,Snow
9,2021-09-15,18.4,25.1,14.0,-1.9,73.8,1032.7,15.9,11.8,9.1,Rain
3,2021-01-17,12.2,13.1,4.0,2.7,91.0,1004.6,2.4,2.1,76.2,Rain
9,2021-06-27,17.8,19.3,16.5,13.0,25.8,1037.5,14.2,1.2,8.5,Clear
10,2020-11-27,34.4,40.0,28.8,17.5,95.8,1049.0,15.1,5.6,8.4,Cloudy
1,2020-04-24,25.0,33.4,18.6,21.3,28.9,1014.5,0.3,7.0,5.6,Snow
5,2020-09-02,-4.7,-2.9,-14.4,14.8,66.7,1047.4,7.6,4.3,86.9,Clear
4,2021-08-03,0.1,14.5,-0.1,23.8,23.5,1042.4,10.6,14.9,7.4,Clear
2,2021-05-12,14.9,29.4,7.1,10.2,75.7,1011.8,12.6,8.8,90.1,Clear
9,2020-05-08,-8.0,-3.8,-22.3,20.6,56.5,1023.4,5.6,2.8,46.4,Rain
8,2021-07-16,5.9,14.7,4.7,24.0,98.9,1028.9,10.8,4.6,81.4,Rain
5,2021-06-24,20.8,23.2,7.1,17.9,96.0,1030.8,12.3,6.3,93.3,Cloudy
4,2021-07-06,29.0,29.7,28.6,0.1,84.8,1049.1,3.1,8.9,38.1,Rain
5,2021-02-12,33.6,46.2,21.0,3.7,53.2,999.1,1.2,13.0,81.3,Snow
8,2021-06-13,35.0,49.9,26.7,15.8,95.6,1039.5,5.0,6.8,12.9,Cloudy
2,2020-09-10,32.9,42.0,29.5,11.9,69.5,1005.1,2.4,10.1,52.0,Rain
2,2020-12-12,24.8,32.6,12.0,7.1,64.9,1041.4,8.1,2.0,2.9,Clear
10,2021-07-21,24.0,33.3,13.4,-6.5,30.9,981.0,7.1,8.8,39.2,Rain
10,2020-08-13,9.7,23.3,4.5,5.6,82.7,1007.8,12.5,12.9,95.0,Clear
2,2021-12-25,-3.4,10.5,-10.8,-4.7,56.7,1048.6,9.9,4.9,63.3,Clear
4,2020-03-10,0.8,1.9,-1.1,-9.9,32.2,989.7,12.9,2.7,34.6,Clear
6,2020-03-13,30.4,37.5,20.4,-8.1,35.4,982.9,3.5,4.2,17.7,Rain
5,2021-11-16,-6.0,-4.2,-12.9,-6.7,49.1,1015.2,13.8,0.6,79.9,Cloudy
4,2021-07-06,18.3,19.5,5.2,21.8,24.9,999.4,16.1,11.2,18.5,Rain
10,2021-08-13,-0.6,5.0,-7.9,9.7,49.5,1012.4,15.0,0.6,25.2,Cloudy
4,2021-04-29,22.1,35.5,14.4,6.3,28.6,1011.3,10.7,3.6,26.9,Cloudy
4,2020-04-06,7.0,7.3,2.2,-6.5,46.2,988.4,17.8,8.9,67.9,Clear
7,2020-12-28,25.5,33.0,24.2,6.5,66.9,1032.2,8.7,1.9,28.4,Cloudy
7,2021-04-23,6.3,16.0,-2.3,-0.8,98.9,1022.4,4.8,1.5,15.3,Clear
2,2020-03-03,1.1,3.5,-1.7,-3.6,33.9,1042.8,1.7,7.9,41.0,Cloudy
6,2020-04-21,34.2,35.9,28.2,23.8,89.2,1037.2,5.2,2.6,66.9,Rain
4,2020-07-13,31.8,40.2,23.2,-3.8,81.6,993.1,6.5,6.4,50.8,Cloudy
3,2021-03-08,0.9,2.6,-8.3,-3.5,66.5,990.8,9.7,8.0,5.2,Rain
5,2021-04-18,5.1,7.1,4.1,24.6,45.8,1036.7,5.2,10.2,76.0,Rain
2,2021-03-29,16.8,23.9,10.6,-1.0,94.4,1038.1,19.3,1.9,73.1,Clear
1,2021-10-29,32.2,34.9,31.2,14.6,66.0,1038.9,2.9,11.9,20.2,Clear
2,2020-08-30,-2.6,-0.1,-14.8,11.6,61.8,1005.1,17.6,5.9,81.7,Rain
7,2021-05-12,9.8,15.5,2.9,-2.9,79.8,1015.2,4.7,13.5,38.4,Cloudy
4,2021-02-14,14.5,28.1,5.1,-10.3,95.2,1023.9,6.8,2.1,79.4,Clear
3,2021-01-23,17.9,25.9,4.5,16.5,32.1,1001.8,5.0,11.2,3.4,Clear
7,2020-09-28,15.6,27.0,2.4,-1.3,85.7,987.7,16.9,1.9,39.7,Cloudy
5,2021-03-09,25.9,28.1,22.5,13.9,77.6,1024.9,13.9,8.1,25.2,Cloudy
3,2020-07-13,5.6,8.3,-8.0,8.3,52.1,1012.3,19.0,2.3,58.6,Snow
4,2020-02-29,12.8,22.0,12.5,19.9,94.6,1019.6,14.0,13.8,70.7,Clear
6,2020-02-28,-3.1,5.5,-12.2,2.0,78.9,1045.4,18.5,6.8,11.3,Clear
10,2021-05-03,34.3,46.9,32.4,21.8,89.6,1016.3,11.9,6.0,5.5,Rain
1,2021-06-04,5.1,17.1,5.0,-1.7,51.9,1017.6,18.4,5.2,34.7,Clear
3,2020-03-11,23.2,30.0,19.8,3.1,31.3,992.3,10.0,6.3,91.5,Clear
4,2021-02-17,6.3,15.0,-3.2,-14.5,73.1,992.5,19.2,2.2,41.5,Clear
10,2020-09-09,-6.2,8.8,-13.7,8.8,25.4,1032.5,4.3,13.5,20.5,Clear
10,2020-03-24,-1.4,-0.9,-8.5,7.6,25.3,1034.3,9.1,7.9,44.1,Cloudy
10,2021-08-01,8.0,16.4,5.7,-7.7,88.9,1046.2,7.5,4.1,64.4,Snow
5,2020-07-28,8.4,8.8,6.1,13.6,72.7,981.9,4.5,3.5,67.2,Snow
4,2020-09-28,-9.1,-7.5,-21.1,-7.9,72.2,996.7,2.1,3.6,72.2,Cloudy
3,2021-11-18,28.5,41.0,22.5,11.7,36.4,1000.5,17.9,0.2,8.6,Snow
8,2020-11-19,-0.6,-0.2,-3.3,8.3,53.7,1042.5,16.4,5.1,25.9,Clear
1,2021-04-14,7.1,16.0,3.1,10.0,52.8,1018.6,8.8,4.4,94.8,Clear
2,2021-07-04,24.4,26.5,11.4,4.5,91.6,1036.0,8.6,0.3,26.9,Rain
9,2020-09-28,14.4,23.9,10.5,-9.4,86.8,1048.9,10.6,2.6,27.2,Rain
6,2020-03-11,-9.2,4.5,-11.0,8.1,41.9,1018.8,13.1,12.4,20.6,Rain
6,2020-10-18,-9.5,-7.4,-23.0,20.0,67.8,1022.0,13.3,2.6,91.4,Rain
8,2021-07-10,8.8,14.5,1.0,-13.1,33.3,1031.7,1.7,9.0,24.5,Snow
10,2021-10-31,7.5,11.8,2.2,13.8,43.8,1019.6,9.6,10.0,93.7,Clear
9,2020-11-02,23.0,26.2,22.5,-4.5,67.6,983.6,10.0,9.0,33.4,Clear
3,2020-09-27,24.7,26.3,23.6,14.1,59.6,1028.2,8.8,3.7,81.9,Clear
2,2021-07-20,26.0,36.4,21.9,8.6,48.9,986.4,18.4,2.1,95.0,Rain
5,2020-10-15,10.1,12.9,2.0,19.9,78.6,1036.5,13.2,10.4,84.9,Rain
6,2020-07-27,1.2,8.5,-2.1,24.5,95.5,982.8,14.1,13.9,18.1,Snow
9,2021-05-15,15.6,29.3,15.1,12.9,43.8,1044.7,19.4,14.2,47.4,Snow
1,2020-04-04,28.8,41.5,24.0,18.2,23.0,1021.7,4.7,1.8,7.7,Cloudy
5,2020-02-15,21.3,26.4,10.4,-12.4,45.2,1017.8,15.8,4.8,62.6,Clear
6,2020-05-13,29.9,39.1,26.4,-14.0,89.6,981.5,17.5,7.9,93.9,Snow
3,2021-03-28,25.9,40.9,20.6,15.7,52.2,1013.6,12.6,13.1,98.4,Cloudy
9,2020-01-10,24.6,30.9,18.3,14.5,39.1,987.7,7.2,4.3,29.6,Clear
2,2021-12-08,0.5,1.1,0.2,24.5,54.2,1006.9,13.6,3.3,95.0,Rain
9,2020-02-06,25.4,26.7,19.1,20.2,95.6,1012.7,12.3,2.5,99.1,Snow
10,2021-07-19,0.4,14.5,-9.3,9.3,61.0,996.1,3.6,3.3,18.6,Rain
7,2020-05-10,25.1,30.4,24.2,23.8,90.7,1044.9,19.9,2.6,39.6,Clear
5,2021-01-08,24.1,34.5,21.8,17.6,38.0,995.7,10.8,8.9,58.0,Clear
6,2020-08-03,-5.9,7.3,-9.9,-9.8,91.1,1046.9,17.3,12.1,65.5,Rain
2,2020-12-28,14.8,16.1,8.7,-0.1,40.8,1030.6,10.0,1.2,22.0,Cloudy
10,2020-06-07,20.7,21.8,7.9,4.8,58.4,1021.5,16.5,5.2,67.8,Rain
3,2020-06-30,15.5,19.5,2.3,16.9,72.7,1039.5,17.4,10.6,83.7,Cloudy
1,2020-07-02,21.4,31.6,12.1,15.1,32.7,1041.7,17.4,0.4,82.6,Snow
7,2021-11-16,-4.2,0.8,-15.4,-8.6,85.4,1038.2,10.2,0.1,28.7,Rain
5,2020-06-12,17.8,32.5,8.3,-4.6,70.7,1017.8,15.6,1.6,76.1,Clear
7,2020-02-09,14.4,28.8,9.3,10.3,94.6,987.2,18.8,10.3,6.8,Cloudy
4,2020-07-23,3.5,14.1,2.5,8.3,47.7,1023.5,1.0,13.1,97.3,Cloudy
6,2020-11-08,33.6,44.8,31.6,15.3,22.0,981.5,6.5,7.3,77.0,Rain
4,2020-01-25,20.7,27.4,16.6,24.9,54.1,1011.6,3.4,11.9,69.4,Rain
7,2020-12-02,-0.1,1.1,-10.3,11.2,41.9,1046.6,3.1,6.5,94.4,Snow
2,2020-10-12,8.9,18.5,2.9,-4.0,98.7,1008.7,17.9,3.4,21.3,Snow
9,2021-02-13,-8.6,1.2,-14.1,19.6,57.9,1047.8,3.8,13.0,77.7,Snow
1,2020-04-28,24.7,37.4,13.3,10.0,30.5,982.3,18.4,9.2,79.7,Snow
3,2021-08-17,11.7,13.5,9.8,12.4,54.4,994.0,9.9,1.0,58.2,Snow
1,2020-04-21,2.1,14.1,-2.6,3.2,20.9,985.1,7.9,7.2,60.0,Cloudy
6,2020-11-17,3.1,13.5,-9.8,16.2,23.2,1013.6,2.2,3.6,98.7,Cloudy
10,2021-06-07,-3.6,3.9,-12.9,13.1,64.8,980.7,6.6,7.8,8.8,Clear
7,2021-08-13,5.8,6.3,4.6,0.9,30.6,1019.7,13.8,12.0,20.0,Rain
5,2020-02-15,-2.5,-0.9,-12.0,13.3,22.5,1045.5,1.1,8.1,70.9,Cloudy
1,2021-06-16,29.2,39.9,17.2,-1.4,85.2,985.6,17.9,8.2,81.7,Rain
6,2021-03-17,10.4,20.1,2.5,14.3,26.5,984.2,5.0,2.4,87.2,Clear
6,2021-09-30,-0.1,14.5,-5.2,-7.7,83.2,1026.1,10.0,8.3,71.9,Snow
2,2020-11-03,0.3,15.2,-14.3,11.0,36.0,1027.6,1.5,0.5,25.8,Snow
7,2020-11-30,10.8,23.8,-0.1,14.7,54.0,1004.2,7.5,14.8,4.0,Cloudy
5,2021-07-21,29.0,37.7,22.4,14.0,58.9,1041.1,18.0,6.3,27.7,Rain
4,2021-03-06,16.7,30.4,13.5,9.9,70.5,1031.3,2.7,10.7,90.9,Cloudy
3,2021-09-22,-1.9,1.7,-16.5,-7.8,88.4,1014.5,5.0,13.1,44.5,Snow
7,2021-07-15,13.2,18.6,4.3,-8.5,51.3,1047.9,5.2,9.9,32.5,Clear
5,2020-10-20,24.8,26.8,10.3,3.2,38.9,985.1,3.5,7.8,33.7,Rain
7,2021-08-16,27.3,33.8,23.6,9.7,76.5,991.7,3.4,0.6,73.6,Snow
8,2021-03-28,19.9,27.0,7.2,17.2,66.8,1040.8,4.2,1.7,27.0,Cloudy
4,2021-06-07,-7.4,0.6,-21.4,-13.4,29.8,1011.7,18.7,4.7,50.7,Cloudy
3,2021-11-05,-8.1,-5.9,-22.9,23.6,20.4,1046.6,12.8,13.0,45.5,Clear
5,2021-06-11,13.2,20.5,3.2,-9.4,22.4,1001.6,14.1,3.0,67.3,Snow
2,2020-08-28,33.6,35.0,23.5,2.8,89.5,992.4,13.9,12.6,94.5,Snow
4,2020-07-22,20.7,28.2,11.4,19.8,65.6,982.1,18.6,10.3,67.7,Rain
1,2020-02-17,-0.3,9.6,-6.2,11.0,28.5,1026.0,20.0,0.7,97.7,Rain
8,2021-09-17,8.3,21.4,-3.4,7.7,79.1,1041.5,8.1,4.9,66.8,Clear
8,2021-02-28,26.4,37.8,14.4,2.4,85.4,988.4,10.9,0.1,32.5,Rain
7,2021-05-21,6.5,12.4,-3.9,0.5,55.9,996.6,7.5,3.4,7.3,Cloudy
4,2020-05-31,17.2,27.2,7.9,3.5,50.4,1040.4,10.4,7.2,2.6,Clear
2,2021-03-11,5.4,11.1,-0.6,8.2,62.7,1022.6,15.3,12.2,71.8,Rain
3,2021-12-13,33.0,33.3,30.1,-14.7,71.8,1042.9,4.9,13.9,6.0,Cloudy
1,2021-07-24,32.0,37.3,30.5,4.4,40.5,999.9,6.2,12.0,53.9,Rain
2,2021-04-12,4.0,13.2,-6.7,-4.1,53.1,988.5,3.7,10.2,18.1,Rain
8,2021-11-14,13.6,24.2,12.0,7.7,40.5,1047.4,9.7,12.1,55.0,Snow
8,2021-09-19,-8.0,1.5,-22.3,9.1,85.5,1041.9,4.6,3.2,61.1,Cloudy
9,2021-04-01,8.5,21.1,-5.0,-0.9,38.9,1034.6,5.6,12.3,42.4,Rain
8,2021-04-05,20.0,21.4,10.6,3.1,66.9,991.8,14.8,12.9,21.7,Snow
4,2021-10-14,-5.7,-5.3,-15.3,9.3,63.7,996.2,7.9,8.9,49.7,Snow
9,2021-05-11,34.5,36.5,24.1,1.2,54.3,1030.2,13.9,14.9,12.8,Rain
5,2021-03-26,-5.3,5.6,-14.0,-4.0,26.4,986.0,17.9,2.9,32.3,Clear
5,2020-08-28,0.2,5.5,-0.8,5.8,25.4,1036.0,4.8,8.1,88.0,Snow
6,2020-11-23,19.3,27.3,14.4,-1.7,73.6,1049.6,13.3,8.4,73.1,Clear
3,2020-06-03,10.9,11.8,2.5,23.3,34.0,1028.3,4.1,8.0,9.7,Rain
7,2021-12-11,10.3,21.6,5.1,11.6,83.6,1044.9,4.8,6.0,15.2,Rain
4,2020-03-06,34.7,48.6,26.6,18.7,61.7,1023.7,1.9,11.3,12.8,Cloudy
7,2020-12-04,27.2,38.9,16.6,-13.6,44.3,998.4,7.3,1.3,93.7,Cloudy
7,2020-03-04,14.9,19.5,8.9,2.9,68.0,1016.1,18.4,7.5,99.2,Rain
7,2021-02-02,28.3,31.4,14.3,-10.3,85.4,1006.6,17.6,13.0,80.6,Clear
10,2021-01-24,25.6,30.2,24.4,1.1,33.9,1028.6,7.0,14.6,64.1,Cloudy
1,2020-12-26,27.0,29.0,14.1,21.9,59.0,1022.4,15.3,2.6,50.3,Snow
7,2021-03-05,7.9,10.1,2.4,-12.3,22.1,989.5,19.3,8.2,96.6,Rain
8,2020-08-12,9.5,14.2,1.9,2.6,28.5,1024.9,4.4,9.3,65.0,Snow
7,2021-05-12,-3.2,-2.3,-14.9,3.4,24.7,1049.6,1.2,10.4,98.4,Clear
7,2020-12-10,0.8,2.9,-1.0,-2.9,28.1,1028.5,1.3,7.6,99.7,Cloudy
3,2021-04-23,26.6,35.8,22.0,10.0,62.2,1009.8,2.7,13.3,45.0,Rain
10,2021-06-30,-1.2,4.3,-7.4,18.1,78.7,1033.9,0.3,6.2,48.1,Clear
7,2021-08-29,-9.1,-5.2,-20.5,-9.5,62.8,995.1,0.3,3.6,97.6,Clear
2,2021-10-20,26.1,40.5,18.8,-10.6,63.8,1011.8,16.9,1.5,48.8,Cloudy
3,2021-04-17,-3.2,1.7,-14.3,4.0,50.1,1007.6,9.2,11.8,89.2,Rain
1,2020-09-23,33.0,44.8,28.3,12.5,55.0,997.8,16.8,0.6,90.2,Cloudy
6,2020-08-04,10.8,20.4,0.9,20.8,70.9,1023.0,1.4,7.8,15.0,Cloudy
6,2020-12-11,23.2,30.9,13.0,-13.3,26.8,1030.1,1.5,1.1,1.2,Cloudy
5,2021-03-07,33.0,44.1,27.7,-3.1,48.0,1034.2,13.3,2.8,17.4,Snow
2,2021-04-26,-5.6,4.3,-17.1,-4.4,21.7,985.8,19.4,4.4,76.9,Clear
9,2020-02-23,18.1,23.8,15.0,-10.1,69.2,1034.2,12.9,8.0,4.2,Snow
4,2021-10-27,33.6,45.6,29.2,24.2,68.2,1020.8,15.0,12.2,65.6,Clear
1,2020-02-01,-4.2,0.9,-18.1,-6.0,49.8,1010.2,8.8,9.2,94.3,Rain
4,2020-01-21,0.8,2.6,-2.2,20.5,71.7,1000.0,16.3,12.9,84.7,Rain
4,2020-05-09,31.4,35.2,20.1,3.4,87.4,1031.0,15.6,9.8,17.7,Cloudy
2,2021-07-31,14.5,29.3,0.4,-13.3,33.2,989.2,14.5,12.3,21.4,Rain
8,2021-12-17,12.8,25.4,1.8,6.7,67.2,1015.6,6.0,8.5,68.9,Snow
6,2020-06-20,29.3,38.8,17.9,-8.6,56.9,980.7,5.0,10.9,99.2,Clear
3,2020-11-14,-5.5,0.5,-17.5,-6.8,64.4,1031.3,12.4,2.8,35.5,Clear
10,2020-01-27,25.3,33.6,25.2,15.4,22.8,1032.2,4.1,14.4,36.8,Snow
10,2021-11-24,4.7,6.9,0.1,20.1,99.7,1005.8,9.0,10.8,88.6,Cloudy
7,2020-07-22,16.7,22.6,10.5,12.8,20.3,1023.4,7.2,11.9,9.3,Clear
10,2021-12-08,16.5,23.7,6.9,-12.4,66.4,1019.3,11.3,9.1,67.6,Rain
2,2021-12-14,26.2,30.2,13.8,4.9,26.2,984.1,6.8,11.8,70.8,Snow
10,2020-05-03,25.5,33.3,18.9,-9.1,46.3,1010.4,1.9,3.3,59.8,Clear
6,2021-06-29,23.1,38.1,9.1,10.7,53.7,1024.5,15.7,1.8,41.0,Cloudy
6,2020-03-11,27.8,33.6,19.2,8.5,34.8,1005.4,6.8,0.4,2.4,Snow
1,2021-03-06,27.4,31.5,19.6,-3.1,95.3,998.2,8.7,13.1,84.2,Cloudy
2,2021-03-19,-1.6,10.4,-8.5,4.3,30.7,985.6,14.6,7.4,43.7,Snow
8,2021-12-25,22.8,34.3,20.4,9.4,30.8,1032.6,13.2,14.3,6.9,Rain
7,2020-06-29,-7.4,-3.2,-11.3,-5.1,92.5,997.5,5.5,11.4,45.0,Snow
10,2021-07-05,25.0,26.0,17.7,-13.7,25.0,1043.5,2.9,8.0,41.1,Cloudy
8,2021-03-22,5.6,19.1,5.3,11.6,97.1,1019.2,18.7,0.8,41.9,Snow
6,2020-09-08,1.7,12.7,-13.0,-4.7,72.3,993.9,11.4,7.0,97.2,Clear
5,2021-04-06,17.4,22.6,15.7,-9.0,38.0,997.6,17.0,8.4,52.3,Rain
8,2021-08-06,-4.8,8.1,-15.6,-12.3,76.6,1018.0,1.7,6.9,48.5,Cloudy
6,2020-01-30,-2.5,11.7,-15.2,11.8,57.0,1008.8,13.1,8.2,6.2,Cloudy
6,2020-07-05,13.1,25.2,6.2,-12.9,82.9,994.1,5.2,2.5,33.0,Cloudy
4,2020-12-29,24.1,31.9,21.0,20.1,90.4,1040.9,4.9,6.8,98.5,Snow
6,2020-10-13,24.7,25.1,23.7,3.6,92.7,1017.7,10.0,1.6,65.7,Snow
9,2020-01-11,27.0,32.7,15.4,23.6,36.3,1016.6,5.8,11.9,57.8,Rain
2,2020-09-04,18.6,30.6,12.7,21.6,62.6,991.1,13.9,11.9,31.7,Cloudy
8,2021-07-22,28.6,42.2,24.4,24.3,31.3,994.1,3.8,13.4,65.4,Rain
8,2021-10-23,-3.2,3.4,-12.4,-11.7,90.6,1036.3,10.2,14.5,41.8,Cloudy
8,2020-01-18,34.3,44.3,24.8,-8.4,90.6,1009.9,3.3,0.2,56.0,Clear
5,2020-08-14,13.7,24.5,0.3,-11.8,78.5,993.1,17.2,12.3,54.1,Cloudy
4,2020-11-09,22.0,26.7,14.9,17.9,56.7,1005.0,9.9,12.4,33.5,Snow
8,2021-07-20,-2.2,8.5,-14.6,-11.0,39.2,989.9,7.0,6.8,74.9,Snow
7,2021-07-17,19.3,28.6,14.0,18.7,57.7,1048.5,12.7,1.9,67.6,Snow
6,2021-12-20,4.6,14.9,3.6,-8.0,88.5,995.9,16.8,4.2,64.3,Cloudy
5,2020-11-09,21.2,28.9,16.6,-6.5,22.7,1001.3,13.1,14.1,87.1,Snow
4,2020-05-03,24.5,36.3,14.5,-4.6,92.6,1027.0,11.3,1.7,44.7,Rain
6,2020-05-02,10.7,23.7,2.5,0.2,98.1,987.8,8.5,0.6,74.0,Rain
4,2020-08-09,31.3,35.5,18.4,-3.3,92.9,1032.8,16.1,0.3,96.3,Cloudy
5,2021-08-26,22.7,27.3,10.3,-3.7,89.8,987.9,14.1,8.1,9.7,Snow
2,2020-07-17,0.9,1.1,-6.1,-2.9,67.9,1000.8,6.1,11.1,4.8,Snow
4,2021-01-04,30.6,43.4,20.6,8.7,91.4,993.0,1.7,3.6,79.5,Rain
5,2020-01-15,-8.4,0.3,-23.3,19.2,61.7,984.5,16.6,9.0,11.5,Rain
5,2020-02-16,-5.8,7.8,-15.8,18.2,90.3,1020.0,10.4,6.5,31.7,Clear
9,2020-10-26,9.6,21.2,0.6,20.7,55.5,1022.5,12.7,8.9,70.3,Rain
8,2020-04-15,0.7,8.4,-0.9,0.4,59.0,1025.7,19.0,9.0,74.4,Clear
10,2020-10-18,12.8,22.3,11.7,-4.8,48.9,1013.1,1.0,2.1,27.7,Cloudy
8,2021-03-27,33.7,38.7,26.5,-7.2,68.9,999.6,4.2,7.7,0.6,Snow
3,2020-02-22,-9.7,-6.4,-10.3,-10.7,47.1,1036.2,11.5,7.7,29.3,Snow
8,2020-04-26,31.9,37.9,30.6,9.7,29.1,1004.2,10.2,13.1,49.4,Clear
7,2021-05-18,21.6,36.5,19.6,-4.0,51.6,1009.5,8.3,13.6,71.4,Clear
10,2021-10-06,17.4,22.0,5.0,23.2,85.7,980.1,12.8,0.8,25.8,Clear
3,2020-06-01,-7.3,1.8,-17.6,-10.4,50.7,1011.9,7.4,1.8,41.9,Snow
2,2020-09-11,23.8,24.9,22.6,-0.8,95.3,1026.8,13.6,5.4,59.4,Clear
9,2021-03-02,-9.5,0.0,-23.2,9.5,89.9,1030.7,2.5,13.5,6.6,Rain
9,2021-01-24,14.0,16.1,13.8,1.9,43.6,1014.0,11.6,0.7,12.3,Cloudy
8,2020-10-31,15.1,20.2,4.2,11.1,87.6,1028.5,8.7,10.1,27.5,Cloudy
5,2021-08-05,3.8,15.6,-2.9,16.9,85.8,1040.0,18.3,6.5,31.9,Clear
10,2020-04-11,16.2,21.8,7.2,13.2,75.1,1006.2,3.4,6.5,14.3,Rain
4,2020-09-27,30.1,35.3,27.8,-14.0,71.7,1024.6,6.9,1.1,41.0,Clear
3,2020-09-02,4.0,14.2,-5.1,-0.4,37.4,1049.2,9.1,10.3,14.1,Rain
9,2020-03-17,11.9,12.3,4.3,23.6,50.7,982.7,0.7,5.8,16.0,Rain
1,2021-02-22,-8.9,2.4,-15.8,-3.4,92.0,988.1,19.1,4.7,88.8,Cloudy
10,2021-04-26,17.1,29.5,2.3,-3.5,96.9,1007.3,7.8,5.1,54.1,Snow
1,2020-08-25,-3.1,5.2,-11.2,15.5,86.7,1010.8,6.1,3.9,19.5,Snow
5,2021-12-20,-7.4,-2.3,-11.5,23.7,64.6,1004.3,11.7,2.1,44.4,Cloudy
2,2021-12-04,18.2,25.5,12.2,24.8,90.4,1023.6,11.4,9.3,20.1,Rain
5,2021-10-02,7.8,8.4,0.7,6.7,38.2,1047.5,18.2,10.8,53.3,Rain
7,2020-04-27,29.1,31.1,17.2,-10.0,83.5,999.3,17.6,14.2,14.9,Rain
3,2020-09-29,10.8,25.5,3.5,19.5,67.1,1006.3,5.8,3.0,76.2,Rain
2,2020-03-02,7.4,15.1,0.0,8.1,89.2,1048.7,8.2,12.4,76.5,Rain
5,2021-09-01,15.8,30.1,12.8,-10.6,88.3,1010.7,17.0,13.4,6.2,Snow
8,2020-05-07,29.8,36.5,22.1,10.1,94.1,981.3,9.6,10.3,72.3,Cloudy
5,2021-12-17,21.2,23.2,16.7,-0.7,84.4,999.5,4.3,14.4,0.9,Cloudy
5,2021-05-27,34.9,45.1,22.5,-3.2,21.1,1031.7,16.7,11.1,14.3,Cloudy
8,2020-03-23,23.9,35.4,14.0,15.6,87.7,1023.0,1.9,7.3,7.8,Clear
7,2020-11-26,8.3,14.4,7.3,-1.0,28.9,1036.6,19.0,1.1,95.5,Snow
1,2020-04-03,13.5,18.0,12.3,5.0,83.6,1029.5,1.1,1.1,40.3,Rain
10,2021-08-24,3.3,6.8,-0.9,17.1,94.3,1008.4,18.1,4.8,47.6,Clear
5,2021-08-13,0.2,9.8,-14.5,9.1,48.6,1025.3,2.5,13.3,50.3,Clear
3,2021-04-26,10.2,19.0,0.8,-12.1,74.6,996.9,14.3,12.3,80.4,Cloudy
5,2020-07-04,14.9,22.7,12.8,16.0,41.7,1014.8,5.8,2.0,63.0,Cloudy
8,2020-04-03,-7.6,3.6,-12.4,-15.0,60.9,983.3,5.6,10.6,6.3,Cloudy
6,2021-02-22,27.8,27.9,24.1,14.6,45.3,987.1,7.3,4.1,84.3,Snow
6,2021-11-17,4.1,15.9,-9.3,2.4,92.8,1006.4,19.3,1.3,68.7,Clear
3,2020-12-03,12.2,18.0,2.7,13.2,20.3,991.7,14.3,10.0,96.6,Cloudy
8,2020-10-22,24.2,38.5,13.7,-3.1,28.4,1034.7,12.9,0.7,36.0,Cloudy
9,2020-02-07,33.1,40.6,26.6,3.3,36.7,1005.8,7.5,0.8,76.8,Cloudy
2,2020-11-18,8.7,21.0,-4.1,-6.5,72.6,1013.1,17.6,3.2,67.8,Snow
6,2020-04-28,17.3,21.7,15.3,11.1,79.1,1002.1,12.9,5.9,71.3,Cloudy
9,2020-01-02,-1.0,12.4,-5.3,-0.3,24.6,987.8,10.4,4.0,83.5,Cloudy
7,2020-02-25,-9.3,-3.6,-14.4,-14.2,29.9,1009.0,9.9,6.1,53.1,Rain
9,2021-01-05,16.8,16.9,9.8,23.5,61.5,1027.4,6.3,11.6,77.3,Cloudy
8,2020-02-22,13.5,28.1,11.6,-14.3,81.6,1036.5,2.5,4.0,1.8,Rain
5,2021-07-16,3.2,14.8,-4.6,-1.1,49.7,980.1,6.1,9.7,97.4,Rain
5,2021-03-24,28.1,28.5,14.6,16.3,82.4,1012.1,8.0,4.5,6.6,Cloudy
2,2020-01-30,0.3,4.0,-7.0,14.9,57.9,984.0,19.2,14.1,78.5,Rain
3,2020-11-14,34.6,42.8,20.2,-12.0,49.3,995.8,4.0,2.1,62.2,Clear
9,2021-02-21,25.2,33.9,23.0,17.4,70.9,1007.2,13.5,3.9,34.5,Clear
4,2020-04-26,31.3,35.7,24.3,20.6,76.6,984.4,3.0,0.1,63.1,Cloudy
2,2021-10-25,10.1,12.1,-4.3,6.2,39.4,1015.0,13.6,1.1,27.5,Rain
8,2020-10-25,26.3,33.2,18.1,2.3,23.5,991.6,9.0,3.1,5.0,Snow
7,2021-05-09,28.0,42.7,16.1,19.2,39.4,1047.2,4.0,14.3,99.5,Cloudy
4,2021-04-12,22.0,36.7,13.5,-4.6,55.0,1021.5,1.6,9.3,98.1,Rain
7,2020-07-14,-1.4,10.5,-15.0,22.7,96.8,1016.5,19.5,11.4,16.2,Rain
2,2020-10-09,11.5,22.3,7.8,10.6,73.3,991.4,11.3,11.6,49.9,Cloudy
6,2021-06-03,-9.5,-9.4,-14.9,22.0,38.3,1024.4,4.5,4.8,84.8,Snow
1,2020-10-16,22.8,24.2,16.4,-13.8,58.5,1026.4,2.5,4.3,39.8,Snow
10,2021-08-16,31.4,46.3,30.7,15.4,49.7,1007.5,15.1,13.8,95.1,Cloudy
3,2021-04-02,16.0,21.4,4.2,-5.0,65.1,1005.1,13.2,3.6,19.2,Cloudy
6,2020-12-06,31.3,32.8,23.7,-6.2,23.1,982.5,3.6,13.0,28.2,Cloudy
8,2020-11-25,32.8,41.5,26.3,8.2,61.3,1033.1,5.7,5.3,89.4,Rain
4,2021-08-08,32.6,46.0,26.3,16.2,58.1,1014.8,4.2,8.9,18.6,Cloudy
4,2021-02-24,4.9,17.7,1.8,-12.2,25.5,1045.9,10.2,6.1,81.1,Clear
6,2021-04-29,27.6,32.6,17.2,15.8,72.4,990.6,17.5,8.1,28.2,Cloudy
7,2021-11-10,9.1,9.7,7.2,15.6,20.0,1009.2,10.5,0.8,97.3,Rain
8,2020-02-07,0.2,4.8,-4.4,-5.8,20.1,1031.1,19.3,3.4,66.3,Rain
9,2021-08-27,23.4,36.1,17.1,-2.9,46.0,1029.9,16.4,2.7,37.1,Snow
2,2021-03-26,30.6,42.7,15.8,15.2,51.5,1021.3,13.3,1.2,54.4,Clear
9,2021-04-12,21.9,24.4,10.2,8.4,96.2,983.0,5.4,9.0,29.7,Clear
3,2021-02-23,22.1,33.5,20.6,5.6,60.7,1005.8,18.7,12.4,69.7,Rain
2,2021-04-25,22.1,29.0,8.3,12.8,78.3,1040.3,5.6,12.1,19.5,Snow
6,2021-09-30,5.5,10.5,-9.2,19.3,76.1,1030.9,11.3,14.2,49.6,Cloudy
2,2020-12-02,7.1,9.5,-4.7,14.4,50.7,981.8,16.8,0.2,70.4,Cloudy
6,2021-10-03,33.7,40.3,30.2,13.2,85.4,1018.3,19.3,0.8,50.5,Cloudy
9,2020-02-06,22.3,35.2,19.6,17.0,64.2,1007.8,2.7,13.0,15.7,Clear
4,2021-10-08,3.9,8.3,-9.2,11.9,83.7,997.5,12.5,8.6,83.3,Snow
4,2020-04-02,30.8,31.0,20.7,-12.9,63.9,1000.1,6.2,5.3,62.1,Cloudy
2,2021-10-10,5.0,16.0,-1.1,-12.3,82.7,1000.0,8.7,10.3,33.2,Clear
8,2020-06-19,-7.5,-1.9,-21.7,10.7,73.7,1024.3,4.1,6.3,75.1,Snow
1,2020-02-17,-5.4,-1.2,-9.5,2.3,98.4,984.7,10.4,2.7,97.1,Snow
1,2020-10-27,-4.9,1.2,-16.0,13.2,53.8,1004.3,8.0,4.0,20.5,Snow
6,2021-03-17,11.7,15.7,7.4,11.3,97.5,1022.3,1.6,1.1,95.1,Rain
4,2021-06-27,3.4,4.8,-5.6,9.9,71.9,998.7,0.4,14.5,25.1,Cloudy
10,2021-11-29,20.4,31.0,11.2,-2.5,41.7,1021.8,17.3,14.2,10.6,Rain
3,2020-06-28,-3.0,11.2,-14.0,20.3,36.2,1021.1,14.1,10.2,40.8,Clear
10,2021-01-26,-9.3,-0.6,-13.1,3.0,96.6,1007.9,16.8,2.8,67.2,Rain
8,2021-08-20,34.0,35.5,33.9,2.3,27.4,1032.4,18.3,6.5,25.9,Rain
4,2021-04-17,9.5,20.4,9.4,8.6,69.1,1024.6,4.9,10.7,9.1,Snow
8,2020-09-18,-1.0,12.2,-12.1,-14.5,39.9,995.0,5.5,3.7,6.3,Clear
8,2020-10-21,10.7,21.7,1.6,11.9,26.5,1046.6,16.8,12.1,82.3,Rain
2,2021-03-28,32.0,40.2,29.0,9.7,79.4,1031.7,10.5,1.0,37.1,Snow
10,2020-11-02,31.4,40.2,23.3,-4.2,49.5,1042.7,13.4,11.8,45.4,Cloudy
5,2021-04-12,18.4,22.1,7.8,2.1,55.4,1025.5,18.7,1.0,82.5,Snow
4,2021-01-28,3.2,9.9,2.9,-3.0,60.2,983.9,9.9,13.9,10.5,Cloudy
2,2020-08-30,24.4,30.5,14.6,-4.6,32.8,991.2,1.5,2.8,66.4,Cloudy
10,2021-01-02,29.7,41.9,19.4,-10.6,43.1,1001.7,5.1,7.7,53.6,Snow
5,2020-01-23,6.1,11.4,-6.3,16.6,44.6,1044.0,19.1,4.9,35.4,Cloudy
5,2020-01-09,12.8,26.9,-0.3,-10.9,51.4,1018.7,10.1,2.9,85.9,Clear
10,2021-05-23,20.5,33.1,7.6,14.9,55.1,1022.7,3.3,10.1,17.9,Snow
4,2021-09-13,21.2,24.6,19.4,-8.4,20.2,1030.3,14.7,7.7,16.1,Snow
4,2021-10-13,-6.2,-5.9,-8.7,20.6,39.3,1004.8,2.2,3.3,51.9,Rain
10,2020-09-13,17.3,21.0,16.4,0.6,38.7,995.4,19.2,9.2,55.7,Rain
2,2021-10-04,8.7,15.1,0.6,12.9,76.2,992.0,10.1,6.2,87.1,Clear
5,2021-03-27,18.4,26.4,16.7,9.2,29.4,1003.6,2.9,10.4,20.6,Clear
10,2021-01-08,7.6,21.0,4.5,5.3,53.5,981.3,15.9,1.0,47.4,Rain
2,2020-10-29,15.2,24.6,4.9,-4.9,20.8,1030.6,10.8,12.5,82.1,Snow
7,2020-06-28,27.9,35.2,22.9,16.7,56.1,992.8,17.1,13.2,46.6,Rain
3,2021-07-06,-6.6,-0.8,-18.7,21.1,36.3,984.7,17.6,5.8,54.2,Snow
9,2021-05-28,33.6,34.6,23.9,-12.0,50.0,1036.3,8.7,15.0,55.9,Snow
3,2020-09-20,4.5,7.8,-0.8,-0.1,25.5,1005.9,9.3,10.8,65.7,Cloudy
5,2020-12-12,21.9,22.0,18.6,11.5,58.7,980.4,16.1,11.6,54.8,Clear
8,2020-03-18,-7.0,4.5,-15.8,16.3,80.1,1036.2,10.4,2.1,67.1,Rain
4,2021-11-23,17.9,29.0,15.4,-7.2,91.2,1032.5,18.2,11.4,59.7,Cloudy
9,2021-01-09,19.4,32.7,10.7,10.3,32.5,1013.2,14.4,4.1,20.2,Clear
7,2020-01-15,4.1,7.7,0.9,2.0,92.6,1015.5,3.8,1.2,69.6,Snow
9,2020-05-06,7.2,19.5,-2.7,16.8,41.8,1028.5,5.4,14.1,63.6,Cloudy
6,2021-11-19,4.6,8.6,1.7,12.8,37.5,1021.7,5.4,9.9,81.5,Snow
10,2021-01-25,25.0,36.4,22.2,-11.5,75.9,1005.8,8.7,0.5,26.0,Snow
2,2021-11-22,-8.5,4.7,-12.2,7.3,23.1,1026.7,6.5,13.5,88.8,Rain
8,2020-01-26,4.6,18.1,-10.3,18.0,87.6,997.4,11.6,1.0,9.5,Snow
10,2020-08-14,35.0,39.9,23.8,17.3,88.6,1049.8,4.9,0.6,41.1,Clear
8,2021-12-18,-4.1,-3.8,-9.5,16.3,65.3,1001.9,13.1,3.5,1.4,Snow
7,2020-04-29,24.4,33.8,13.0,-13.4,87.0,1023.4,11.3,9.4,86.4,Rain
1,2020-02-08,16.4,25.1,1.5,15.3,55.4,1029.5,7.8,3.4,59.7,Snow
8,2020-04-28,31.8,45.7,26.7,6.1,36.9,1049.7,19.6,9.7,80.4,Clear
4,2021-07-04,22.2,31.1,21.4,3.2,74.0,1027.4,7.5,14.1,16.7,Rain
7,2021-04-09,12.5,22.9,2.0,10.9,42.0,990.9,12.8,9.0,17.9,Snow
9,2021-03-05,21.7,28.5,11.7,18.5,33.6,981.3,15.6,9.1,70.0,Rain
7,2021-11-01,27.7,39.7,13.3,6.4,59.1,1008.1,3.2,8.6,27.7,Clear
8,2021-09-22,31.5,40.2,22.6,-0.8,24.2,982.2,8.5,1.3,60.7,Cloudy
5,2020-02-03,29.6,42.8,19.7,-6.6,89.0,1042.0,4.0,11.1,28.7,Snow
4,2021-03-30,26.1,41.1,25.6,20.9,69.8,1048.1,9.4,12.7,6.2,Cloudy
4,2021-01-06,5.1,6.1,-9.5,17.7,88.2,1045.7,1.8,5.8,7.1,Clear
6,2021-07-11,-0.5,2.9,-7.5,-4.3,28.1,991.7,3.0,14.6,75.9,Snow
1,2021-02-11,33.5,40.1,29.3,16.9,46.1,1001.0,4.7,1.9,25.6,Snow
4,2020-05-05,6.0,16.1,5.1,-6.6,84.7,990.3,6.9,13.0,15.5,Cloudy
2,2021-11-09,-6.3,1.0,-10.8,7.5,84.3,989.6,11.7,7.6,14.4,Rain
10,2020-01-22,18.1,22.2,10.8,-11.7,56.8,1001.5,16.5,0.9,41.9,Clear
6,2020-09-06,10.6,21.5,2.0,11.7,82.2,1040.4,6.3,8.1,84.0,Rain
10,2020-07-29,34.5,47.8,28.9,-7.2,59.2,1031.9,9.9,7.2,83.8,Clear
9,2020-07-31,6.3,19.2,0.2,-1.9,56.3,1033.4,2.6,2.9,95.1,Rain
4,2020-12-02,-2.1,6.4,-10.8,4.6,71.6,996.1,11.1,5.6,66.2,Rain
10,2020-01-03,-3.6,5.0,-6.4,-3.9,37.5,992.8,16.5,4.3,92.7,Snow
3,2020-05-13,33.6,42.2,31.5,-0.0,83.8,1005.7,1.8,8.4,84.5,Snow
3,2020-04-22,25.8,28.4,15.7,-6.2,37.5,1041.2,5.1,3.9,0.1,Clear
3,2020-01-16,29.2,41.1,19.8,15.0,32.2,1012.1,7.1,1.4,48.6,Snow
4,2021-08-25,31.4,32.0,27.0,-6.7,39.1,1043.6,9.4,7.0,76.1,Snow
1,2020-06-27,-3.0,4.3,-9.4,8.9,100.0,1033.9,8.0,12.4,17.1,Snow
1,2020-05-09,-8.6,-5.5,-13.7,5.4,69.2,1043.7,10.2,7.5,5.0,Cloudy
9,2020-04-26,-8.4,-0.1,-15.0,18.6,32.9,981.7,9.0,3.6,5.0,Clear
8,2021-04-04,22.6,24.3,13.5,-3.8,33.9,1006.6,16.0,5.9,75.1,Snow
9,2021-08-30,-4.4,7.2,-8.0,12.1,65.3,1045.0,7.8,1.0,1.9,Clear
8,2021-05-30,27.2,35.1,15.6,-5.6,47.6,982.1,19.2,10.0,93.3,Rain
10,2020-02-14,1.9,11.1,-8.3,-2.3,87.8,1046.3,17.7,11.1,27.7,Snow
8,2021-10-20,2.7,17.2,2.5,13.6,76.5,1023.6,19.8,4.7,34.0,Clear
1,2021-05-05,-6.4,0.2,-10.3,-1.3,86.8,1045.5,3.8,5.6,92.9,Cloudy
7,2021-12-03,-7.2,-5.8,-9.6,8.8,32.0,1047.8,9.0,7.5,24.7,Clear
8,2021-12-30,11.2,21.1,-0.1,15.2,66.2,1043.3,16.4,11.4,5.6,Cloudy
2,2020-03-23,-9.7,-6.5,-19.7,1.4,52.2,1041.9,17.9,13.6,31.4,Snow
10,2020-05-31,21.1,25.2,18.2,-7.6,47.4,1010.1,16.6,1.8,73.5,Clear
3,2020-10-08,13.9,18.2,6.5,-3.0,67.7,1010.4,3.4,1.7,54.7,Snow
7,2021-09-03,30.6,35.8,19.6,11.3,94.5,1037.5,11.4,9.9,89.8,Snow
8,2021-06-01,8.0,12.9,7.8,18.1,84.1,987.3,11.6,7.0,11.9,Cloudy
2,2021-12-19,34.1,37.3,33.1,8.8,79.1,982.3,13.2,8.0,10.3,Clear
9,2020-08-08,-2.2,6.3,-6.6,22.5,85.5,1048.8,5.3,14.5,43.1,Cloudy
8,2020-08-21,5.6,6.4,4.8,12.7,56.6,995.9,12.3,3.8,57.8,Cloudy
6,2021-04-09,6.2,18.6,-6.1,4.1,48.1,1005.4,16.1,4.9,20.9,Cloudy
7,2020-04-07,-6.2,0.8,-13.4,18.6,37.7,1006.7,16.2,12.4,38.5,Snow
7,2020-11-16,10.7,15.2,-3.3,-10.3,94.7,1027.9,10.7,0.5,47.6,Snow
6,2020-06-05,8.3,10.7,-1.5,23.8,65.0,1030.0,1.5,6.3,11.6,Cloudy
2,2020-04-03,17.6,31.7,7.7,-11.9,48.4,1018.5,8.1,12.5,81.5,Clear
2,2021-03-18,17.5,23.1,13.7,-10.8,48.4,1008.9,13.5,9.9,7.0,Clear
6,2020-05-13,7.8,10.5,5.4,18.1,23.4,1009.3,3.4,13.2,55.7,Clear
10,2021-07-29,0.4,7.9,-10.6,23.3,37.6,1042.0,18.7,13.7,63.5,Snow
2,2021-02-24,18.3,24.3,7.0,6.3,74.2,1010.0,14.7,12.4,14.6,Snow
7,2020-02-22,27.5,35.6,14.8,2.3,50.3,1044.1,5.1,12.7,48.4,Snow
10,2020-11-15,13.1,17.7,4.5,-2.0,23.1,999.0,0.2,14.7,96.6,Snow
2,2021-08-14,7.8,18.7,2.6,11.8,84.4,1046.3,8.1,11.7,26.6,Rain
3,2021-11-03,34.6,35.0,25.5,11.4,75.0,988.4,18.8,2.7,62.3,Cloudy
4,2020-04-20,0.0,4.6,-8.2,1.7,32.8,992.0,8.4,11.4,89.8,Snow
9,2021-01-11,-6.2,-0.3,-7.7,-14.3,72.9,1022.2,3.3,3.5,2.4,Clear
5,2021-08-10,27.6,42.2,25.6,-5.7,89.5,1044.9,8.5,0.8,3.9,Rain
7,2021-07-28,15.8,21.7,15.4,8.3,20.9,1035.1,6.2,0.6,58.8,Clear
10,2021-11-04,7.9,22.5,-0.3,-4.0,76.8,999.0,18.1,5.6,55.0,Snow
1,2020-07-03,-7.7,-1.3,-20.2,17.2,37.9,995.8,16.4,14.0,9.5,Snow
5,2020-12-13,10.3,15.4,-2.8,-11.7,36.9,1032.7,1.1,7.4,44.2,Snow
1,2020-07-04,5.0,10.9,-2.9,-8.5,65.8,1036.4,15.2,2.3,14.9,Rain
10,2021-11-04,2.1,7.5,-4.0,12.2,24.5,982.4,7.9,10.5,19.3,Cloudy
2,2020-05-25,18.9,22.8,5.6,20.8,43.8,996.1,8.3,3.6,67.2,Clear
2,2021-06-27,27.2,37.3,14.8,0.9,32.5,1031.7,7.3,10.1,27.1,Rain
7,2021-03-05,-6.3,8.6,-8.6,24.5,98.2,1035.6,13.2,8.7,86.6,Cloudy
6,2020-06-10,3.0,10.0,-6.3,1.4,54.2,1003.1,11.3,12.8,20.2,Snow
5,2020-11-28,32.0,42.3,19.7,7.2,82.4,981.1,16.4,0.6,89.0,Clear
1,2020-06-08,34.6,39.0,31.4,15.6,40.2,1040.6,2.1,1.9,97.9,Rain
10,2020-02-20,20.3,33.0,15.4,12.1,67.5,1022.2,13.7,8.6,42.9,Clear
5,2021-03-29,2.4,13.9,-1.0,12.7,38.7,1023.8,15.0,3.3,6.0,Cloudy
8,2021-09-13,-4.1,5.0,-16.8,-13.2,78.7,1003.9,9.6,13.9,33.2,Cloudy
7,2020-10-06,10.9,11.1,9.7,-4.7,22.2,1024.2,8.6,8.2,17.5,Rain
9,2020-04-26,3.3,13.3,-11.2,-13.0,91.2,1020.4,11.3,7.5,6.9,Snow
7,2020-04-23,-6.0,3.0,-11.1,21.7,52.5,990.0,14.3,4.4,52.5,Snow
10,2021-05-13,21.4,34.9,9.5,12.1,74.4,1046.2,6.0,0.0,27.2,Snow
1,2020-08-13,-0.2,9.7,-9.7,8.7,21.3,1031.0,6.5,10.0,55.7,Cloudy
10,2020-02-26,5.4,7.4,4.0,18.3,93.5,1025.5,2.2,6.0,72.9,Clear
4,2020-11-04,25.1,26.9,25.1,13.5,48.5,997.8,0.4,8.1,85.1,Rain
3,2020-09-18,33.1,41.6,25.4,-11.6,63.9,1006.6,12.2,5.8,24.0,Snow
6,2020-05-02,-5.7,-1.0,-7.1,-7.9,99.0,1011.1,10.7,13.1,99.6,Clear
8,2021-03-16,16.2,28.4,11.3,-2.8,52.2,1027.1,13.7,4.7,13.3,Rain
3,2021-01-24,18.5,20.4,9.8,12.7,76.0,1032.7,17.5,7.5,73.0,Rain
9,2021-07-26,17.9,20.7,17.5,-3.6,55.4,1023.2,17.0,2.9,12.6,Snow
2,2021-02-10,33.4,35.0,26.2,8.4,63.3,986.0,1.2,1.6,58.6,Clear
7,2020-01-20,14.5,18.0,4.9,17.8,23.3,1014.9,13.8,3.8,30.8,Cloudy
2,2020-11-16,17.6,31.1,5.5,8.3,78.4,1005.5,12.9,7.0,19.0,Cloudy
10,2021-02-18,21.6,29.9,16.2,21.5,21.7,1002.1,1.2,11.5,70.2,Cloudy
5,2020-04-27,4.9,15.0,-1.0,15.3,56.3,1008.9,18.7,3.8,12.0,Cloudy
1,2020-11-28,16.3,30.8,10.6,-12.5,47.1,1015.4,3.3,9.9,99.8,Rain
10,2021-04-16,10.3,15.6,4.3,-10.4,90.7,1009.0,7.8,9.9,44.2,Snow
2,2021-03-23,19.2,20.1,7.0,22.6,71.9,1046.8,3.1,7.2,60.2,Clear
4,2021-03-22,16.2,22.2,11.1,-9.9,51.3,991.4,14.7,3.1,5.9,Cloudy
9,2020-03-21,14.9,23.8,1.8,8.1,47.6,1036.2,10.9,1.2,56.6,Cloudy
5,2020-12-13,30.9,36.8,26.5,-9.3,32.1,1010.3,12.0,1.2,94.0,Rain
6,2020-06-21,24.0,32.8,11.6,-11.8,58.1,1024.1,16.6,11.8,27.7,Clear
9,2021-10-10,32.3,34.2,19.2,23.8,34.2,1030.5,0.9,6.1,51.6,Clear
9,2021-06-06,16.1,30.1,6.0,4.3,84.8,1046.5,0.5,14.7,8.6,Rain
6,2020-12-25,26.6,30.8,24.6,2.6,71.5,1006.7,1.2,9.0,90.2,Rain
4,2020-04-15,7.2,10.4,0.6,-13.1,85.6,1037.8,11.8,5.3,80.0,Rain
5,2020-07-21,15.0,27.4,5.5,16.4,67.9,1009.0,19.2,8.1,60.5,Rain
10,2020-06-05,-0.1,9.3,-8.7,-7.6,24.8,1022.3,15.3,7.9,22.7,Clear
3,2021-10-05,20.0,21.2,13.4,-8.5,34.8,994.2,7.8,0.8,39.8,Cloudy
8,2021-07-31,13.0,20.2,7.3,18.6,31.6,1015.4,1.3,1.1,57.4,Cloudy
10,2021-10-20,15.5,28.7,7.1,23.4,23.9,986.9,1.0,2.8,54.1,Snow
6,2020-06-03,19.1,19.8,4.9,18.7,43.7,985.4,3.5,1.9,12.3,Cloudy
2,2021-04-25,13.3,17.0,7.9,24.6,74.7,1046.4,2.9,5.7,55.5,Cloudy
5,2020-10-08,-6.5,-6.4,-16.6,10.7,52.9,1014.3,8.4,0.4,33.5,Clear
6,2021-06-03,-2.0,-0.5,-16.4,9.0,78.3,1002.1,7.9,3.6,9.7,Clear
5,2021-04-17,-1.9,10.1,-12.1,6.9,58.0,1044.6,1.5,4.2,35.0,Cloudy
1,2020-02-28,25.2,40.1,21.6,20.0,86.4,995.7,8.0,6.1,97.8,Snow
5,2020-03-19,-1.9,10.1,-6.9,14.2,53.6,1020.5,16.7,12.1,86.6,Clear
10,2021-08-31,-7.3,3.1,-9.4,1.6,63.9,1008.2,10.4,14.9,13.5,Cloudy
8,2021-08-17,20.4,26.3,18.4,-8.7,95.9,1041.6,18.2,14.9,20.8,Clear
8,2021-08-08,6.0,16.0,-1.3,1.7,48.6,1021.6,11.6,2.4,47.2,Rain
6,2021-09-11,14.9,23.5,11.7,14.7,22.0,1004.8,15.6,8.5,26.1,Cloudy
9,2020-06-03,21.3,29.8,9.4,14.4,68.8,1014.2,2.8,3.9,41.9,Clear
8,2020-04-15,17.0,24.7,12.7,-14.7,59.7,1000.0,14.7,0.4,58.5,Snow
2,2021-05-31,32.4,35.0,25.3,-11.3,70.1,1018.5,8.2,7.8,89.7,Rain
1,2020-09-10,-1.2,-0.9,-14.1,8.1,91.3,1021.8,16.2,6.4,75.0,Cloudy
8,2021-06-20,31.1,39.7,28.4,-4.2,35.9,997.3,6.2,8.3,58.8,Rain
6,2021-01-16,9.2,18.4,8.0,-11.5,33.7,1016.3,4.4,4.2,40.0,Snow
7,2021-02-22,26.5,26.7,16.8,11.8,83.9,1045.3,0.5,2.3,88.6,Snow
10,2020-02-23,10.6,19.1,0.7,12.2,94.5,1049.8,14.4,4.3,88.0,Snow
2,2020-12-03,-7.8,-4.3,-21.3,-4.8,37.7,989.7,17.2,7.5,67.5,Clear
9,2021-11-25,0.8,12.2,-10.6,-2.5,52.9,994.7,19.5,9.7,93.5,Cloudy
5,2020-09-15,3.7,15.4,-7.8,12.7,97.3,1007.5,2.7,10.1,72.9,Rain
6,2020-03-24,15.9,19.0,8.3,-2.5,54.2,1025.2,14.9,3.5,40.5,Rain
6,2020-11-13,2.1,5.1,-9.7,21.4,49.6,1032.6,18.0,12.7,18.3,Cloudy
3,2021-09-01,33.0,38.7,27.9,-12.5,58.9,987.6,5.0,4.8,80.9,Clear
5,2021-07-26,29.4,33.9,16.5,19.3,81.2,990.3,13.8,14.2,68.3,Cloudy
6,2020-05-10,4.9,12.4,-4.8,5.4,29.6,1001.8,16.1,12.9,13.7,Clear
7,2021-06-04,32.9,37.8,23.0,15.1,85.0,1046.2,6.3,12.9,13.2,Snow
1,2021-01-06,21.7,32.8,11.5,-4.9,89.8,991.8,1.2,10.8,47.5,Snow
3,2020-08-07,28.2,34.0,25.7,18.5,63.9,993.2,14.4,7.7,60.4,Snow
8,2020-07-15,10.7,23.1,-1.7,13.4,28.4,1038.7,13.5,10.5,36.3,Rain
3,2020-06-07,29.6,40.5,27.9,1.3,90.9,983.3,19.2,10.2,63.1,Clear
5,2020-04-13,2.2,5.9,-11.9,-3.1,82.0,1007.5,2.9,0.2,54.4,Clear
6,2021-09-24,33.9,39.4,28.5,-1.2,61.6,1010.8,17.6,7.6,50.8,Rain
10,2021-01-20,-3.8,10.9,-7.5,-12.1,73.1,1021.7,8.4,6.3,78.5,Rain
3,2020-07-04,-1.2,11.1,-10.9,1.8,56.6,998.0,15.1,7.7,32.1,Rain
8,2020-02-14,16.8,31.7,10.3,21.8,47.6,983.8,4.2,6.3,22.0,Cloudy
6,2021-11-23,-10.0,3.7,-22.7,14.7,33.4,988.4,1.4,10.9,92.9,Rain
8,2021-09-17,9.4,11.2,1.7,-1.0,50.0,1023.5,14.4,1.7,3.6,Snow
8,2020-08-27,34.7,38.2,33.9,-7.4,23.1,1007.4,16.1,5.1,44.4,Rain
5,2021-04-25,20.4,28.0,7.5,19.6,20.8,1034.5,9.3,14.8,48.3,Rain
6,2021-11-25,34.4,45.7,30.7,6.5,99.4,1040.0,2.0,10.6,34.6,Cloudy
8,2020-10-15,-9.7,-3.6,-13.2,17.8,47.0,1037.9,0.1,4.6,24.1,Cloudy
9,2021-06-24,0.5,1.5,-2.3,7.2,43.3,1009.2,7.6,13.1,90.5,Cloudy
3,2020-07-23,12.2,17.2,10.6,23.1,24.8,1000.8,6.0,4.8,16.4,Rain
5,2020-02-23,25.2,27.0,15.7,-10.0,25.6,1043.7,3.9,12.3,54.5,Cloudy
6,2021-07-21,-6.5,7.8,-10.2,19.4,33.5,1039.8,0.4,7.7,76.9,Clear
9,2020-05-07,32.1,45.7,19.8,20.5,35.9,999.9,5.9,5.7,39.3,Snow
2,2020-06-13,14.5,16.9,4.1,-8.3,44.8,1015.2,15.9,11.1,64.6,Snow
8,2021-06-09,-3.0,5.2,-4.3,0.1,53.1,982.8,5.6,14.3,95.4,Rain
7,2020-04-03,5.9,6.5,3.2,0.7,95.8,989.9,15.3,1.6,98.1,Rain
8,2020-12-23,7.2,18.8,2.1,10.1,35.4,990.2,18.8,13.8,88.7,Clear
7,2020-02-24,18.1,30.2,17.1,-1.6,45.1,1024.5,7.2,2.2,59.6,Cloudy
9,2021-01-17,26.6,32.3,24.6,-7.1,39.0,1001.0,12.9,9.0,69.6,Rain
7,2020-03-24,6.3,18.7,3.2,3.8,84.1,992.6,2.3,13.3,34.3,Snow
4,2020-01-29,20.8,21.2,10.4,-2.4,24.5,1022.7,4.9,5.8,8.1,Snow
2,2021-10-27,-3.4,1.1,-4.7,21.4,20.5,1013.9,2.6,4.6,92.6,Snow
3,2020-05-20,-2.7,11.8,-5.8,14.7,63.7,1041.9,11.1,8.0,19.5,Clear
5,2021-04-28,-2.5,11.2,-7.4,-0.1,80.8,1003.7,19.0,11.1,59.7,Rain
8,2021-04-04,29.6,30.3,25.7,3.6,38.2,1032.1,18.4,6.4,34.2,Clear
2,2020-01-20,33.3,40.0,26.0,-0.9,92.8,1019.8,15.3,12.2,34.2,Snow
4,2020-06-02,9.5,22.2,4.1,16.8,95.3,1023.6,14.9,12.1,84.5,Cloudy
2,2020-10-22,7.8,8.6,1.8,12.0,56.0,1032.4,7.2,9.5,18.6,Rain
5,2020-05-04,23.7,31.9,20.6,-3.3,79.9,1013.8,4.4,14.5,71.5,Clear
4,2021-03-05,33.1,39.5,26.0,20.9,62.0,1029.5,5.1,6.7,12.3,Cloudy
2,2020-04-23,-0.7,-0.7,-1.3,24.1,39.4,1026.4,16.8,8.3,15.3,Cloudy
10,2021-07-02,22.8,31.8,11.8,15.8,98.0,1020.1,6.9,9.7,6.8,Clear
9,2021-08-11,30.4,32.2,25.5,17.6,67.8,1007.6,9.5,12.8,34.0,Rain
3,2020-10-25,29.1,30.4,17.4,18.9,34.5,1010.1,3.4,10.6,53.5,Cloudy
1,2021-09-21,18.6,21.5,15.4,-13.3,45.8,1019.2,17.2,10.0,43.5,Snow
4,2021-08-07,32.9,43.7,18.9,6.1,40.7,983.7,14.5,1.8,30.3,Cloudy
3,2021-11-11,14.0,22.5,5.0,-8.3,50.4,1023.2,19.4,10.9,92.3,Clear
9,2021-01-04,24.3,33.2,21.4,11.7,69.9,1022.2,9.8,7.9,33.4,Clear
9,2021-07-11,13.4,16.4,1.3,-7.6,26.8,1010.5,13.2,6.6,27.7,Clear
7,2021-04-26,15.1,20.3,1.1,21.9,60.2,1003.0,14.8,0.6,47.5,Clear
7,2021-01-17,5.1,18.9,4.9,7.1,79.3,1014.0,1.8,14.6,51.8,Snow
1,2020-12-31,17.6,21.1,10.3,2.2,26.0,987.4,16.8,3.6,19.5,Clear
6,2020-09-03,12.7,24.2,11.8,8.1,29.5,982.6,1.1,12.5,11.8,Clear
10,2020-12-06,-8.0,-1.4,-20.7,-4.5,53.7,982.8,9.0,8.7,57.1,Rain
1,2020-12-26,5.0,9.7,3.4,-0.3,28.0,1033.7,19.3,14.6,86.5,Snow
3,2021-12-02,17.0,27.5,12.7,10.2,56.5,1013.7,15.2,4.2,31.8,Cloudy
8,2021-10-08,31.6,32.4,24.3,21.5,68.8,1018.2,5.1,5.1,85.2,Rain
3,2020-03-05,15.2,22.9,13.7,-14.4,97.1,1006.4,12.1,1.2,68.3,Cloudy
1,2020-10-27,32.0,40.6,30.1,8.3,81.3,1008.4,17.6,9.7,89.9,Rain
1,2020-07-23,18.1,20.1,13.5,-6.9,92.7,1033.2,13.6,4.5,18.4,Clear
6,2020-11-13,24.0,31.1,20.6,9.7,23.2,1002.8,9.4,2.2,98.5,Cloudy
9,2021-04-29,-0.6,1.4,-3.7,15.8,54.0,1019.6,0.5,0.5,44.6,Snow
1,2021-10-24,26.7,40.0,25.4,6.5,93.1,1007.2,16.6,2.0,93.5,Rain
5,2020-12-31,23.8,37.9,13.7,-0.5,95.1,999.3,6.7,10.5,76.5,Clear
6,2020-10-06,31.8,34.9,19.8,14.5,25.1,1007.1,5.7,4.6,98.3,Clear
6,2021-03-23,18.9,29.7,4.3,0.1,84.1,1010.4,17.4,2.7,94.8,Cloudy
8,2021-01-30,-0.2,4.7,-11.5,0.8,68.7,1011.1,14.9,3.4,5.8,Snow
3,2021-05-23,3.5,10.6,1.0,-0.8,52.0,984.0,11.7,13.3,15.2,Cloudy
6,2021-06-15,16.9,26.9,10.6,13.0,52.9,1015.3,0.2,10.4,66.1,Snow
2,2021-03-10,-8.3,-2.8,-23.0,1.8,60.2,1043.7,14.4,8.7,79.8,Clear
7,2021-09-08,28.9,35.8,21.8,0.4,97.3,1028.8,1.8,12.9,48.1,Rain
9,2020-10-27,-6.9,1.3,-13.2,20.1,36.3,1037.9,11.2,0.8,97.2,Snow
2,2020-03-22,13.1,17.5,6.1,19.3,44.4,993.5,2.7,4.5,78.0,Snow
5,2020-11-09,11.2,14.6,8.7,-1.7,95.2,1004.0,19.8,7.3,17.9,Cloudy
10,2021-03-12,30.1,37.0,19.5,24.3,24.0,986.8,14.4,4.2,18.4,Rain
8,2020-12-25,-8.2,-7.9,-19.8,-9.6,57.4,1022.4,8.6,0.4,78.4,Cloudy
1,2020-12-27,-9.5,1.9,-22.9,2.3,62.8,1013.4,7.8,13.3,89.4,Cloudy
5,2021-10-16,5.1,14.3,-8.8,23.5,60.7,1011.7,5.6,14.4,14.3,Clear
2,2021-11-18,16.1,20.3,11.9,1.2,99.9,983.8,11.6,1.2,15.5,Cloudy
6,2021-06-09,9.8,17.5,5.9,-2.3,27.0,1001.2,19.3,14.2,33.5,Rain
1,2020-05-26,15.7,29.3,15.6,17.4,95.9,986.4,3.3,14.4,53.8,Cloudy
1,2020-05-09,-9.4,-5.5,-16.1,12.7,78.7,1049.7,5.8,8.1,53.3,Clear
4,2021-10-22,8.3,10.8,-6.4,19.1,59.9,1022.2,4.6,8.2,69.5,Snow
6,2021-01-27,13.2,28.1,4.0,-0.2,81.8,991.9,7.8,5.2,43.2,Clear
10,2020-06-06,25.2,32.5,13.3,8.1,47.4,1036.7,4.8,3.4,50.5,Cloudy
6,2021-01-15,1.7,1.8,-8.0,5.4,55.6,1047.7,11.5,13.0,13.9,Cloudy
2,2021-08-10,15.6,28.6,6.9,13.7,49.8,986.5,9.2,5.9,86.7,Rain
9,2021-01-10,1.0,15.5,-13.4,-5.1,47.8,1042.7,19.3,6.7,32.1,Cloudy
6,2021-10-27,13.7,24.0,9.6,14.5,24.1,983.5,7.8,5.3,31.6,Snow
4,2020-04-26,12.1,16.9,9.2,-2.6,98.0,1008.8,8.9,8.6,98.3,Clear
3,2021-05-26,0.9,11.1,-9.8,9.3,27.1,1027.4,1.4,8.9,74.0,Cloudy
9,2020-04-30,-0.5,12.1,-1.0,18.8,56.8,995.2,2.8,14.3,7.3,Snow
5,2021-12-21,-1.0,4.2,-10.3,6.8,30.1,1000.3,4.9,3.2,41.1,Cloudy
4,2021-09-18,21.7,25.0,16.2,0.6,98.1,1046.8,16.0,3.6,6.8,Snow
8,2020-07-23,4.3,8.3,-3.3,16.1,88.7,1039.1,7.3,10.3,31.3,Clear
3,2020-03-16,-7.3,3.2,-7.4,1.4,46.4,1028.5,15.3,4.6,81.2,Cloudy
3,2021-12-31,3.2,9.9,-7.7,12.7,99.0,995.8,13.3,9.1,91.5,Cloudy
2,2021-11-29,-3.0,8.3,-11.5,-4.0,58.0,1003.4,11.6,13.3,56.9,Snow
6,2021-12-27,18.4,26.2,17.6,-5.7,59.4,1001.7,3.7,7.6,32.3,Clear
9,2021-07-09,1.6,8.6,-0.4,22.1,89.4,1029.5,2.2,11.6,80.8,Snow
5,2020-06-10,24.5,26.2,14.8,18.4,66.2,1025.2,9.2,7.9,3.4,Rain
6,2021-06-04,18.8,20.0,12.3,-3.3,63.6,989.3,13.9,11.9,16.3,Rain
2,2020-07-24,-5.3,-3.1,-18.5,6.1,57.4,987.5,13.0,13.0,82.8,Rain
4,2021-05-20,18.2,19.3,16.5,-13.0,40.6,989.5,5.3,5.8,94.3,Clear
6,2021-07-21,17.5,30.0,6.8,-10.5,78.9,999.3,12.8,5.1,99.8,Snow
8,2021-07-18,1.9,6.1,-12.1,-14.0,75.7,1030.8,16.7,14.6,97.6,Rain
10,2020-03-29,-7.1,5.2,-16.8,10.9,30.3,1025.5,19.7,13.7,43.9,Clear
5,2021-02-11,-8.2,-2.8,-20.6,13.1,56.7,983.9,8.6,7.0,92.9,Cloudy
9,2021-02-24,18.8,23.5,10.9,-12.4,97.8,1005.2,9.6,5.3,68.3,Cloudy
10,2020-03-16,19.8,30.5,15.8,-2.4,30.0,1025.9,0.9,9.0,87.0,Rain
6,2021-10-19,30.1,36.8,23.2,-11.9,73.7,1037.5,5.0,6.3,83.9,Clear
8,2021-04-22,29.5,33.1,21.2,-7.3,28.2,1043.8,16.4,11.4,4.9,Snow
3,2021-07-18,28.0,34.6,22.9,6.9,27.3,1033.0,11.7,2.8,18.8,Rain
3,2021-03-19,-1.7,-0.8,-10.5,18.6,21.4,983.4,11.5,12.3,32.7,Clear
2,2021-06-14,5.7,14.6,1.6,-13.9,78.8,1023.8,11.7,11.1,67.5,Rain
5,2020-06-17,-0.7,4.6,-2.6,-9.8,74.1,1040.1,19.3,9.4,18.4,Rain
6,2021-12-27,-5.2,7.0,-13.9,9.7,82.5,1029.2,16.7,0.8,74.8,Rain
6,2021-06-15,28.3,32.6,18.7,-2.4,96.6,982.3,11.6,2.5,71.2,Snow
2,2020-09-13,-2.1,1.4,-9.5,21.6,36.9,990.1,15.2,7.5,91.2,Rain
9,2020-10-08,-3.4,6.3,-6.9,-8.7,74.7,1021.6,15.1,4.6,44.8,Rain
5,2021-09-21,8.2,23.0,3.8,-3.2,48.4,1019.5,5.1,13.7,26.6,Clear
9,2021-10-18,30.3,31.9,20.5,21.3,33.5,1047.8,9.1,14.2,67.7,Rain
10,2021-08-17,3.6,6.4,-1.0,-11.3,31.5,987.3,8.5,11.9,14.1,Rain
3,2021-11-05,-4.1,5.6,-7.1,-11.1,33.3,1044.7,16.4,5.3,65.6,Snow
10,2020-02-12,14.2,24.4,4.0,10.1,41.3,982.7,9.2,13.4,56.9,Clear
2,2020-02-16,27.5,42.4,25.0,12.7,73.9,1048.6,19.7,10.3,24.4,Snow
4,2021-08-08,25.9,27.5,14.2,21.4,50.6,1024.1,8.7,6.6,31.0,Cloudy
10,2021-10-16,24.3,38.3,10.2,-8.0,90.0,1031.6,5.1,1.0,26.8,Clear
8,2021-10-04,31.0,40.5,20.2,-4.7,77.6,982.0,7.6,9.4,14.6,Snow
5,2021-05-09,27.0,30.5,17.2,1.2,67.7,987.5,0.4,13.6,27.0,Rain
7,2020-10-31,26.9,41.9,23.7,-4.4,73.0,1047.6,18.3,7.5,79.5,Cloudy
2,2021-12-06,-3.9,10.8,-18.4,-8.5,44.0,987.0,5.5,12.2,37.8,Clear
3,2021-03-26,-6.0,-0.9,-20.7,10.2,53.3,991.7,19.7,12.3,28.1,Cloudy
8,2021-04-20,-6.8,-6.0,-8.6,8.2,94.3,1014.8,16.9,6.7,70.9,Rain
6,2021-09-13,22.9,25.5,17.5,10.5,25.7,1005.3,10.7,14.9,47.5,Rain
6,2020-11-22,26.7,33.2,14.8,8.8,90.9,1008.8,12.1,9.5,41.7,Snow
7,2020-05-13,-3.5,-2.1,-3.8,19.9,38.9,994.8,14.7,4.8,50.6,Snow
9,2021-07-29,-2.7,11.7,-15.5,19.6,52.5,1033.4,3.0,0.1,2.0,Clear
6,2020-09-04,16.4,23.2,8.6,-14.7,53.8,1030.3,8.9,11.0,23.3,Cloudy
2,2020-09-30,26.6,35.4,23.4,-5.5,70.2,1038.1,8.4,3.9,86.7,Cloudy
4,2020-05-24,20.1,26.8,12.8,-6.8,70.1,1005.1,19.9,7.2,48.6,Clear
1,2020-10-24,15.5,29.3,3.5,3.0,77.5,1021.0,9.9,2.9,46.4,Cloudy
10,2021-03-04,1.1,14.8,-3.9,23.1,62.6,1024.2,10.9,1.9,37.6,Rain
3,2020-12-01,-5.5,3.8,-12.2,16.1,37.6,991.5,8.2,13.9,71.0,Snow
4,2020-06-12,8.9,16.7,7.6,24.4,73.3,1000.0,11.8,1.6,96.6,Cloudy
9,2021-04-23,-2.1,7.6,-5.8,13.7,82.1,1027.1,12.3,13.4,7.9,Cloudy
5,2021-05-24,4.9,8.6,-9.9,0.6,78.6,1027.9,4.3,3.6,28.1,Clear
2,2021-02-06,8.5,12.0,8.2,20.2,97.2,1003.9,6.8,0.1,68.0,Cloudy
4,2020-08-08,27.1,29.3,24.7,16.6,69.3,983.1,12.5,4.6,36.9,Snow
1,2020-02-21,24.6,36.8,18.6,22.9,52.5,1034.0,9.7,13.5,90.8,Snow
8,2021-09-03,-6.1,7.9,-18.5,16.7,36.1,1036.4,17.0,4.3,95.2,Cloudy
5,2021-07-03,-7.8,-5.6,-15.9,8.0,71.6,981.2,19.2,0.7,14.3,Clear
2,2021-03-17,-9.4,-0.9,-23.4,11.6,85.8,980.9,10.9,6.9,49.9,Rain
5,2021-01-09,-6.8,3.5,-14.3,15.6,58.8,990.5,13.0,2.6,87.2,Cloudy
6,2020-02-16,17.6,20.0,3.2,5.7,25.8,1023.9,5.1,12.1,81.8,Cloudy
1,2021-08-06,34.1,41.6,27.3,15.1,30.6,1018.3,11.0,1.3,41.8,Rain
6,2021-07-20,28.4,41.2,26.9,-11.4,41.0,1041.2,2.7,10.8,10.1,Snow
2,2021-01-30,18.0,23.3,6.2,-5.7,71.1,996.5,14.3,13.1,12.7,Cloudy
9,2020-10-13,29.0,37.9,27.1,2.1,32.9,1029.0,15.2,1.6,50.6,Clear
3,2020-04-09,26.7,40.7,19.0,23.0,62.9,1007.6,17.0,7.4,47.2,Cloudy
6,2020-12-13,12.1,24.8,-0.4,1.1,46.7,1014.4,11.5,3.6,79.4,Snow
3,2020-07-22,11.9,16.9,10.3,-5.4,95.9,1001.4,3.5,6.9,30.7,Cloudy
9,2020-02-11,-8.4,-3.6,-16.6,7.1,48.5,1011.3,19.3,5.7,25.8,Clear
1,2020-05-20,1.0,7.9,-10.4,-6.8,76.7,981.5,8.4,11.6,33.9,Snow
8,2021-06-15,15.4,18.5,4.3,-12.9,88.2,993.9,17.5,5.3,72.3,Cloudy
3,2021-09-12,4.4,18.0,2.5,-7.9,59.4,985.7,4.0,14.2,97.6,Rain
6,2021-09-19,6.9,20.7,-1.3,-4.2,76.2,1026.1,19.8,4.0,67.2,Snow
3,2021-02-06,-7.7,-6.0,-7.8,25.0,84.2,1035.1,10.2,4.5,15.1,Snow
10,2020-12-10,2.8,8.4,-8.5,6.6,26.2,981.3,2.1,6.2,93.3,Cloudy
10,2020-11-02,18.7,30.7,11.7,-0.5,28.7,1041.3,15.7,2.5,51.2,Cloudy
1,2021-01-12,11.9,21.3,-2.3,8.2,63.2,983.5,1.4,2.8,3.2,Snow
2,2021-03-02,23.5,34.3,21.5,18.4,32.4,1001.1,5.1,5.6,25.5,Snow
1,2021-09-03,12.0,18.1,-2.8,-12.8,31.4,983.7,12.6,0.8,83.6,Cloudy
5,2021-11-02,13.0,20.9,4.6,-8.2,35.8,1002.3,11.9,3.2,11.6,Rain
1,2021-08-20,33.7,34.0,21.7,16.5,43.8,989.5,3.0,10.5,64.3,Cloudy
3,2021-06-20,25.2,39.3,14.8,-8.8,39.5,1039.0,4.3,1.1,70.3,Cloudy
3,2021-11-28,8.1,21.9,-1.7,-11.4,95.8,998.1,6.8,6.0,5.1,Rain
1,2021-08-09,12.3,14.1,6.3,-1.0,81.8,1036.2,3.2,5.5,37.3,Clear
4,2020-01-20,-3.2,8.8,-13.8,-7.4,49.3,987.4,12.6,1.8,98.6,Cloudy
6,2021-03-04,25.1,31.0,16.4,21.5,64.3,992.2,7.6,12.6,64.4,Rain
7,2021-12-08,19.3,32.3,5.9,21.8,27.6,1018.1,14.8,11.4,60.7,Rain
7,2021-05-28,-2.5,9.5,-13.3,-11.6,57.1,992.2,6.8,0.3,40.0,Cloudy
1,2021-12-23,14.7,24.0,4.7,18.5,37.2,988.4,17.0,2.3,97.5,Rain
9,2020-07-31,27.9,35.4,13.2,-11.1,44.2,1024.7,7.1,13.9,6.6,Snow
8,2021-06-22,14.7,23.6,4.9,-4.8,49.2,1039.1,4.0,12.4,56.3,Cloudy
6,2020-06-26,24.3,35.0,21.2,7.8,89.4,1010.2,19.3,6.8,14.3,Cloudy
9,2020-12-16,7.5,21.8,2.7,19.7,90.5,1004.5,1.8,10.9,31.2,Snow
5,2021-09-16,25.2,31.8,17.9,16.1,50.6,1011.0,7.6,5.5,52.6,Cloudy
4,2020-09-09,26.4,31.8,18.5,11.8,41.6,999.4,18.7,10.9,57.7,Snow
9,2020-11-01,19.1,19.5,9.8,5.4,63.7,1005.2,1.7,2.9,95.1,Rain
5,2020-10-22,8.4,15.4,7.6,-13.5,77.4,1017.7,10.2,3.6,74.5,Rain
8,2020-11-20,-2.4,0.4,-9.3,-3.5,39.8,1025.2,13.1,12.4,41.8,Cloudy
6,2021-07-27,-6.7,-2.6,-21.4,8.9,76.8,980.5,10.4,0.6,56.9,Snow
5,2020-05-04,31.4,45.9,23.3,3.3,95.6,1027.2,1.4,7.0,24.0,Cloudy
7,2020-12-19,11.1,17.9,2.4,-0.7,33.1,1015.3,16.6,10.0,33.8,Rain
5,2020-02-13,32.1,45.8,29.0,-13.4,79.3,1037.9,19.4,13.3,60.1,Snow
2,2020-12-20,13.9,14.3,10.2,3.4,70.3,1019.0,14.9,4.2,56.5,Cloudy
5,2021-05-05,-6.0,0.2,-17.3,12.7,99.3,999.5,10.0,4.9,44.1,Rain
4,2021-07-05,28.6,38.9,15.4,-6.9,89.9,984.2,17.8,4.9,31.5,Snow
9,2021-12-13,13.0,27.1,12.3,-0.9,88.5,1007.7,4.1,6.4,38.6,Snow
3,2020-04-21,31.2,42.6,23.6,24.5,57.2,984.1,5.3,6.5,15.7,Rain
4,2020-02-21,32.6,44.1,28.6,8.6,77.7,1045.9,17.6,7.7,77.5,Rain
4,2020-02-23,15.3,23.6,13.6,-10.0,62.4,998.8,0.5,10.8,3.2,Clear
7,2020-12-04,16.8,24.9,2.3,4.4,25.1,1018.6,16.8,15.0,43.0,Cloudy
2,2021-11-28,4.4,18.0,1.5,9.6,52.5,982.9,7.0,4.0,68.6,Rain
1,2021-07-17,32.7,36.7,20.5,-12.8,63.0,984.9,18.7,11.5,65.8,Rain
7,2021-10-30,27.1,36.8,12.6,13.6,94.0,1016.2,2.4,7.9,12.7,Cloudy
8,2021-10-28,16.7,23.9,7.4,-14.6,35.6,1014.4,19.0,5.8,42.4,Rain
5,2020-11-24,22.2,31.3,17.7,1.4,37.4,1047.6,2.7,5.6,2.6,Snow
1,2020-04-01,-0.0,11.7,-3.0,-11.8,58.0,980.7,1.8,12.1,77.1,Rain
9,2020-02-08,31.2,44.0,21.0,-12.9,82.6,1039.2,16.0,7.6,23.3,Rain
7,2020-06-29,28.0,38.9,13.3,-8.8,38.1,994.8,15.9,2.8,6.7,Clear
7,2021-05-22,34.9,35.3,22.4,-0.4,87.3,1018.8,18.0,13.9,0.9,Rain
5,2020-02-08,-6.6,-2.8,-16.6,20.5,56.8,1022.5,3.9,12.1,96.7,Clear
5,2021-08-04,2.1,9.5,0.8,7.4,60.2,990.1,8.9,5.0,52.2,Clear
6,2020-10-18,16.4,16.5,5.0,13.5,49.3,983.7,15.1,14.3,24.0,Cloudy
9,2021-06-20,4.6,7.4,-4.1,-8.8,48.5,1028.8,11.2,5.8,42.0,Cloudy
3,2021-05-31,15.3,15.4,14.1,20.3,26.2,1029.5,18.4,4.1,37.0,Cloudy
5,2020-07-16,15.6,28.8,1.5,14.6,26.9,1026.8,8.3,7.1,4.9,Clear
6,2020-06-15,-1.4,10.5,-8.2,-2.9,50.7,1039.8,15.0,4.1,11.8,Cloudy
5,2020-07-09,1.3,15.1,-7.4,6.3,67.7,1005.6,16.2,7.8,11.7,Clear
6,2020-10-29,-4.2,3.9,-18.2,-2.7,89.6,1033.5,5.0,0.5,10.2,Rain
3,2021-09-17,22.8,25.8,17.2,5.1,78.0,987.9,8.2,7.3,54.1,Cloudy
7,2021-06-11,26.8,29.4,14.7,12.7,64.5,1029.0,8.3,2.1,66.6,Snow
2,2021-02-14,13.6,23.2,8.5,21.3,67.0,986.0,9.1,11.3,79.4,Clear
3,2020-05-23,12.3,25.7,8.3,1.4,91.9,1042.7,13.7,12.9,8.9,Cloudy
6,2020-09-11,28.9,33.7,26.2,-5.4,53.4,997.6,6.5,2.0,29.6,Clear
5,2021-01-27,15.8,22.4,10.6,14.9,91.5,1033.0,6.7,11.2,15.2,Rain
8,2020-09-30,-4.1,1.1,-16.2,-5.1,25.1,989.2,17.2,9.5,25.3,Snow
5,2021-08-19,15.0,22.9,5.2,-5.7,89.2,1001.7,13.9,0.2,37.3,Clear
5,2021-10-31,5.8,14.0,4.7,16.6,37.4,1027.4,16.1,8.4,74.1,Snow
4,2020-03-04,19.8,25.1,7.7,-3.2,65.7,1032.2,7.6,4.5,45.9,Clear
8,2020-11-10,26.8,40.7,18.6,11.5,92.3,986.9,4.7,10.6,82.4,Rain
7,2021-12-03,28.6,34.8,27.3,2.5,38.5,1000.4,15.5,1.1,82.8,Snow
2,2021-10-16,9.2,18.1,7.9,-1.5,27.2,1047.3,16.2,6.9,22.4,Snow
6,2021-09-21,32.0,37.2,29.6,7.5,95.5,980.3,4.8,14.1,17.1,Rain
4,2020-05-16,-4.9,3.7,-17.8,4.1,99.6,1027.5,1.6,14.9,40.8,Cloudy
3,2021-04-10,2.9,11.3,-1.7,-11.5,20.1,1011.5,16.8,8.6,99.9,Snow
7,2021-12-19,2.9,7.1,0.5,-8.4,42.8,1035.5,18.1,14.6,23.2,Cloudy
9,2021-11-11,29.7,34.6,28.0,19.8,70.9,991.5,8.7,4.3,73.7,Rain
4,2021-11-27,10.4,25.2,9.6,-0.8,58.6,1015.2,6.4,10.9,87.5,Clear
9,2021-04-02,32.2,44.3,19.4,7.0,86.1,1001.2,8.0,4.8,46.7,Snow
2,2021-07-31,2.9,17.3,-1.8,-11.1,62.1,984.0,2.3,3.3,46.4,Clear
1,2021-07-14,9.5,21.5,-1.6,2.1,46.7,1002.2,15.5,0.8,1.3,Rain
10,2021-07-03,25.8,33.0,23.8,-5.6,94.6,1040.2,14.2,7.2,52.0,Rain
3,2020-12-01,33.9,48.4,30.7,17.4,35.8,994.9,13.6,6.1,93.2,Cloudy
2,2021-11-27,-6.0,1.7,-19.8,21.2,32.5,1005.7,12.4,2.4,96.8,Rain
10,2021-05-15,31.2,33.7,29.4,-11.6,92.8,993.6,8.4,6.7,59.9,Clear
9,2021-04-01,-6.8,-3.4,-20.8,21.3,82.5,981.4,6.6,9.4,27.5,Clear
8,2020-05-15,30.9,40.4,29.8,21.4,96.6,985.4,10.7,4.6,39.3,Cloudy
8,2021-07-31,-1.9,6.8,-16.3,5.1,26.6,1023.4,6.9,12.8,43.5,Clear
9,2021-04-18,-1.3,1.6,-12.8,-4.4,81.4,994.4,6.5,7.0,94.3,Snow
1,2021-02-09,31.9,35.0,26.5,-9.0,60.8,1012.2,18.0,14.0,38.4,Snow
1,2020-08-11,12.1,25.5,-0.0,-14.9,45.6,1009.5,4.7,3.0,3.8,Clear
1,2021-03-09,19.0,22.9,18.2,-5.8,84.2,1039.6,9.7,6.2,97.8,Snow
2,2021-07-08,-1.0,2.2,-5.4,-8.1,50.3,1043.8,12.3,6.2,93.4,Clear
2,2021-04-28,-7.8,-4.6,-16.3,9.6,23.2,1008.2,13.0,10.5,63.8,Clear
5,2021-02-22,4.4,5.8,-2.0,-9.8,95.8,1013.3,6.4,11.5,49.8,Rain
3,2021-10-18,4.0,16.2,-9.0,11.9,23.8,1019.6,15.3,2.0,22.9,Cloudy
6,2021-01-26,29.7,30.0,18.4,4.0,55.7,980.5,16.4,5.4,54.1,Cloudy
7,2021-01-19,20.5,31.0,6.2,6.3,52.0,1046.8,12.9,4.5,12.6,Clear
9,2020-05-16,27.9,33.3,18.0,3.8,35.9,1022.1,1.3,6.2,54.7,Snow
2,2020-07-01,9.6,20.8,-2.8,15.8,23.1,993.6,10.8,14.0,83.5,Cloudy
9,2020-05-10,27.9,32.4,21.5,3.8,32.6,982.2,18.9,3.6,24.0,Rain
1,2020-01-24,-6.2,7.7,-14.9,11.7,92.9,1004.2,12.5,0.6,18.7,Snow
8,2021-11-20,27.4,38.9,22.1,0.1,62.7,980.0,4.9,3.1,25.0,Cloudy
9,2021-01-23,26.3,30.5,23.4,5.2,89.3,996.9,1.7,5.3,74.8,Rain
4,2021-04-16,14.8,27.1,0.4,16.7,68.3,1014.5,0.9,14.8,38.3,Snow
3,2020-10-09,-3.1,6.9,-7.4,8.4,66.9,1011.2,16.7,4.0,44.9,Rain
2,2020-02-02,14.2,24.2,2.4,0.8,71.7,990.5,18.7,5.7,73.0,Cloudy
10,2020-01-17,-9.1,-6.0,-16.4,20.1,62.2,1045.1,9.7,7.4,12.0,Rain
4,2020-03-09,26.1,29.8,12.6,21.4,95.5,1016.4,13.6,11.7,13.1,Clear
10,2020-02-04,17.0,17.5,9.5,-8.8,34.6,1005.6,8.7,9.3,7.4,Cloudy
10,2021-11-19,12.7,15.4,4.1,10.5,64.5,1031.7,6.8,11.5,43.3,Clear
4,2020-02-15,11.8,21.5,11.5,11.2,69.5,1001.7,1.8,1.4,92.3,Cloudy
8,2020-08-27,21.0,22.9,15.6,8.7,86.8,983.1,4.8,13.3,0.9,Rain
1,2020-05-23,-0.9,13.5,-10.1,-4.5,25.4,982.0,5.0,13.2,41.6,Snow
4,2021-08-12,22.4,36.2,16.3,-7.3,61.4,1043.6,16.1,1.0,69.3,Snow
10,2021-09-04,15.7,29.3,13.9,6.4,90.4,1008.7,9.7,1.1,27.8,Snow
4,2020-11-05,4.6,18.8,0.4,3.4,73.7,991.4,9.8,11.1,86.7,Rain
9,2020-08-14,18.2,28.2,16.3,22.8,30.6,1034.2,5.4,14.0,72.0,Cloudy
5,2020-10-08,23.9,27.2,17.3,9.7,81.6,987.3,19.3,13.4,27.0,Clear
9,2021-08-28,27.0,34.8,20.1,-2.4,66.5,1031.1,8.3,9.4,69.9,Rain
7,2021-07-23,22.0,22.8,9.1,3.3,41.0,996.9,9.7,13.3,37.8,Cloudy
1,2020-12-18,23.7,25.2,16.6,24.7,81.6,994.7,10.1,3.5,41.0,Cloudy
9,2020-11-22,25.1,36.7,21.7,21.9,67.4,1006.6,10.1,9.1,56.0,Cloudy
7,2020-06-01,11.9,19.5,9.3,17.5,63.3,989.2,15.3,14.0,94.7,Snow
7,2020-07-07,6.6,8.6,-1.2,-10.5,94.7,992.9,5.1,6.1,38.3,Cloudy
4,2020-08-18,25.8,32.6,23.2,-4.3,60.7,990.3,12.3,8.5,71.5,Snow
3,2021-04-19,32.2,45.9,18.0,-5.2,30.5,1001.2,17.9,14.6,85.9,Clear
9,2021-02-26,-5.0,9.2,-11.4,-14.6,55.4,983.2,10.9,5.1,47.3,Cloudy
9,2021-06-26,17.6,30.6,7.7,2.4,85.6,1043.4,2.5,8.0,28.5,Rain
7,2020-09-05,-7.9,2.1,-20.8,-8.5,85.0,1039.7,18.3,4.0,90.4,Snow
4,2020-12-04,4.4,12.7,3.6,-13.2,77.6,1011.1,5.2,2.9,67.0,Clear
8,2021-01-14,-10.0,2.1,-11.2,-7.3,50.9,1013.9,7.2,4.8,96.4,Clear
9,2020-07-14,18.9,19.3,12.4,20.0,44.1,986.6,15.2,9.1,57.0,Clear
5,2021-01-21,-7.6,-5.5,-16.9,-6.7,60.3,1018.1,5.7,14.2,84.2,Clear
2,2020-07-11,22.5,23.7,20.9,4.7,32.9,1048.5,3.3,7.3,36.4,Rain
8,2020-08-01,18.8,20.7,12.3,-4.0,91.0,982.8,18.3,12.5,29.8,Snow
5,2020-01-16,25.5,26.0,11.0,6.1,44.3,1005.4,1.4,14.8,3.9,Rain
4,2020-04-30,19.5,26.1,5.3,-5.2,62.6,1013.8,14.1,1.0,19.4,Cloudy
4,2021-12-13,-0.3,10.8,-3.1,7.9,37.2,1040.3,18.8,7.8,35.2,Rain
7,2020-09-02,0.5,1.2,-3.5,11.2,62.7,1046.1,8.0,10.4,48.9,Snow
5,2021-01-24,13.1,17.1,6.3,3.8,76.5,1045.8,6.7,0.6,49.6,Cloudy
9,2021-10-26,14.5,17.0,3.1,24.4,95.7,993.8,17.5,10.6,45.4,Snow
5,2020-09-24,14.3,27.0,7.1,-0.1,59.5,1020.5,3.9,13.5,67.4,Snow
9,2021-05-24,18.5,20.0,9.4,-10.2,26.3,1016.9,8.1,8.8,8.9,Cloudy
2,2021-04-25,9.4,12.0,-5.4,7.4,75.0,1002.8,2.0,14.6,28.6,Snow
4,2021-01-14,9.1,18.8,8.7,17.4,62.9,999.5,1.3,2.4,89.5,Snow
7,2020-02-16,20.9,24.6,19.9,12.6,65.8,1008.3,7.3,3.3,67.0,Rain
3,2020-01-17,33.7,36.3,24.7,2.0,55.7,997.8,16.5,7.3,54.3,Snow
9,2021-08-21,3.7,6.4,2.4,13.6,35.7,1028.3,7.9,6.2,46.9,Cloudy
5,2020-06-05,6.5,8.0,1.9,11.5,73.3,1000.0,9.3,2.9,21.0,Rain
6,2020-08-23,-9.0,4.5,-12.2,-5.9,42.4,988.9,12.8,1.1,13.4,Cloudy
10,2020-09-08,19.0,24.1,8.4,7.3,40.5,1025.6,2.4,8.0,43.7,Cloudy
9,2021-11-01,2.1,11.2,-11.0,25.0,68.6,1008.3,4.6,3.9,47.9,Snow
5,2021-05-15,6.5,20.2,1.0,-0.1,50.7,1038.6,13.1,9.2,33.4,Cloudy
8,2020-06-21,26.8,27.4,13.7,5.5,51.9,1014.8,13.4,0.2,87.2,Snow
3,2020-05-23,10.1,15.2,8.0,2.6,59.7,1008.3,13.6,6.3,96.1,Cloudy
3,2021-07-09,17.0,29.1,15.4,0.9,46.9,1019.9,17.2,1.2,7.3,Clear
9,2020-02-04,28.3,31.5,18.3,6.7,86.6,988.8,2.7,8.4,94.6,Clear
1,2020-01-07,8.7,13.6,-0.4,22.2,87.0,1049.7,0.5,1.7,60.9,Cloudy
3,2021-10-07,26.9,31.2,23.3,16.5,24.5,1005.9,10.2,8.4,72.9,Rain
2,2021-12-25,6.0,15.2,-2.8,6.9,71.2,998.2,1.8,1.8,22.5,Rain
1,2020-08-11,12.5,25.1,2.0,16.6,48.1,1008.3,7.9,2.9,6.1,Cloudy
6,2020-03-02,16.6,31.4,14.1,-13.1,82.4,997.7,16.6,10.6,94.6,Cloudy
8,2020-01-17,8.4,18.3,1.4,10.2,56.0,993.2,10.2,7.9,81.1,Clear
9,2021-07-18,23.1,33.1,21.4,13.8,60.0,1042.6,18.4,0.8,82.1,Cloudy
1,2020-01-18,-8.3,-2.8,-16.4,-9.1,79.7,980.6,3.5,8.7,71.4,Snow
9,2020-10-20,31.2,41.8,21.1,0.8,20.1,988.4,10.7,10.1,41.7,Clear
9,2021-12-15,22.9,30.7,21.8,-7.3,87.2,1030.7,17.9,1.8,99.0,Cloudy
3,2020-04-19,-0.6,-0.4,-15.6,-3.8,73.4,992.4,11.6,13.6,32.0,Clear
9,2020-06-01,20.2,23.0,10.8,-1.5,36.9,1001.9,3.7,13.5,39.7,Rain
4,2021-09-26,1.0,7.7,-3.8,14.8,97.7,1010.7,17.2,8.5,15.7,Snow
6,2020-09-30,21.1,28.8,11.3,20.6,55.2,1043.1,15.0,7.3,60.3,Cloudy
2,2021-01-17,4.7,19.5,-5.3,-13.2,46.1,1023.6,1.2,0.4,45.0,Cloudy
8,2021-08-01,5.0,11.6,1.1,-8.4,75.1,1016.0,4.1,4.8,59.2,Rain
4,2020-11-03,-6.7,-4.5,-7.8,17.5,80.2,1032.7,14.4,10.0,47.7,Clear
1,2020-04-05,18.9,19.5,9.6,16.1,60.0,1005.0,5.6,9.6,69.3,Cloudy
7,2021-01-21,29.2,34.3,17.7,7.5,90.6,1016.9,10.4,8.7,74.9,Cloudy
1,2021-10-14,33.4,34.5,32.6,22.5,62.4,1023.0,9.7,1.4,76.8,Clear
3,2020-03-25,23.6,28.3,19.0,18.5,25.8,1041.7,5.2,8.9,93.6,Cloudy
7,2021-10-22,20.5,26.7,10.2,-1.2,42.2,1049.8,15.0,9.7,35.5,Snow
10,2020-04-07,-7.8,-7.3,-16.1,15.5,63.0,1038.9,0.8,5.5,23.7,Clear
4,2020-08-04,10.1,11.2,-4.2,-6.1,93.8,1009.8,19.7,8.3,93.1,Cloudy
5,2020-02-17,-9.8,1.4,-23.3,-9.4,27.7,1009.7,18.7,8.1,52.7,Clear
5,2021-07-10,-3.6,-3.6,-15.8,-11.5,70.7,1044.0,4.3,10.0,7.9,Clear
3,2020-11-18,17.2,19.7,6.2,-3.0,57.1,1022.0,3.5,11.1,30.3,Clear
4,2021-08-24,19.8,22.2,9.5,-9.9,54.0,997.3,15.0,3.9,88.2,Rain
7,2020-03-19,30.1,33.0,20.9,-11.5,51.3,1029.9,13.2,9.4,28.3,Snow
3,2021-07-31,7.0,8.5,-3.8,5.2,76.7,997.4,6.6,5.0,2.6,Rain
10,2021-02-02,5.3,17.3,-8.2,5.7,56.4,982.2,17.6,0.2,94.5,Snow
7,2020-05-23,12.0,17.1,-1.9,-14.0,66.5,1018.4,4.5,6.4,65.2,Clear
9,2020-12-20,22.7,22.7,8.6,-8.4,38.7,998.4,0.9,1.8,98.6,Clear
2,2021-03-23,4.2,5.9,2.6,13.8,88.4,998.0,0.5,3.3,5.7,Rain
2,2020-12-14,-5.3,1.2,-8.7,5.6,40.3,1045.8,18.1,8.5,35.4,Cloudy
6,2020-01-31,7.2,13.4,-3.7,3.1,88.5,1046.1,6.8,8.4,9.5,Snow
8,2021-05-17,-1.0,5.2,-4.1,20.1,32.7,1011.9,12.2,10.4,38.3,Rain
6,2021-07-20,29.1,37.6,22.5,-12.3,57.2,1037.5,12.3,12.5,49.4,Cloudy
7,2020-07-09,-4.7,-4.5,-9.2,12.9,83.2,1000.7,10.0,6.3,41.1,Cloudy
2,2021-09-25,0.4,2.4,-2.6,-12.8,35.9,980.6,12.6,4.7,97.3,Snow
4,2021-12-31,-1.3,3.9,-6.7,-14.7,87.1,982.2,18.8,13.4,53.6,Clear
2,2020-10-01,14.5,24.3,8.7,10.9,23.6,983.8,9.2,8.2,88.8,Rain
7,2021-12-29,-5.3,7.0,-8.5,0.8,45.3,1008.0,3.1,7.6,80.2,Rain
7,2020-11-20,9.9,17.3,-2.8,13.2,59.2,998.0,17.7,8.7,22.1,Snow
2,2020-04-03,2.1,14.1,1.4,24.7,30.4,1035.7,8.0,7.4,88.1,Clear
5,2021-03-31,8.6,16.7,7.9,-14.9,39.6,1027.6,2.5,1.7,41.1,Snow
5,2020-04-14,19.2,29.9,16.5,-11.8,95.2,998.2,17.1,13.0,77.3,Rain
2,2020-07-10,-2.4,9.9,-13.9,8.9,47.0,998.4,2.5,7.6,58.5,Cloudy
8,2021-07-24,6.2,13.3,0.7,10.6,92.1,991.5,7.7,2.1,62.5,Cloudy
2,2020-01-27,22.8,36.8,18.6,23.0,25.1,1022.2,1.2,13.4,53.0,Clear
6,2021-07-21,20.1,32.6,17.8,-13.5,90.3,1002.0,2.7,7.0,59.8,Clear
10,2021-09-04,-8.6,-4.5,-9.1,1.8,91.6,1048.8,12.8,2.4,90.6,Snow
7,2020-01-13,13.2,15.5,-0.6,15.3,78.5,1029.6,4.1,3.2,68.8,Snow
7,2021-02-01,-0.1,6.5,-11.8,16.4,56.3,1035.5,16.8,9.8,22.8,Clear
9,2020-09-05,2.3,7.0,0.5,-4.1,36.8,1011.9,18.2,1.6,72.0,Rain
7,2020-06-22,20.9,22.3,7.1,7.7,49.1,1033.0,5.2,10.4,4.0,Rain
5,2020-11-04,27.8,34.5,18.2,-6.2,74.2,1034.1,9.5,9.3,45.6,Snow
8,2020-05-29,30.2,37.7,17.6,17.1,52.8,996.1,8.2,12.4,22.8,Clear
3,2021-03-21,13.6,25.7,8.3,10.7,39.7,987.6,15.9,1.5,27.1,Snow
7,2020-11-02,28.5,33.7,13.9,24.2,41.5,982.9,14.1,6.8,10.1,Cloudy
2,2021-01-04,21.8,22.3,8.7,-9.5,30.2,992.3,19.2,10.4,80.1,Snow
4,2021-10-02,7.9,12.9,4.4,4.2,64.1,1024.2,5.2,14.2,17.0,Cloudy
10,2021-09-23,33.5,33.7,26.3,-1.7,55.9,1019.9,8.8,6.2,73.3,Rain
8,2020-04-19,20.9,33.4,17.2,9.4,66.8,1005.9,9.8,4.7,14.2,Rain
5,2020-01-07,-0.4,1.2,-10.6,11.4,96.0,1031.1,1.1,13.3,86.3,Cloudy
6,2021-09-27,9.9,18.7,-4.7,6.3,92.4,985.8,3.9,6.6,58.5,Cloudy
6,2021-03-26,26.7,41.5,20.9,-13.1,84.1,1022.3,4.1,7.4,74.2,Snow
7,2021-10-28,24.7,32.2,20.1,23.9,73.1,1008.6,5.7,11.0,24.2,Rain
5,2020-11-24,-2.3,5.6,-6.6,10.2,29.4,1025.8,5.7,0.0,12.7,Rain
8,2020-11-17,32.0,45.0,28.5,16.1,68.7,1048.0,7.5,10.2,6.4,Rain
7,2020-11-22,7.8,22.3,-0.3,-3.5,29.6,1029.2,12.9,5.6,95.1,Snow
8,2021-08-12,-9.0,-4.4,-22.8,-2.2,40.2,1017.4,16.5,1.5,94.3,Rain
6,2021-01-20,25.8,28.5,15.1,0.4,52.2,1034.8,19.3,1.9,42.1,Snow
7,2021-01-08,11.6,17.2,6.2,-12.9,74.8,1010.5,4.0,12.2,80.3,Clear
10,2020-07-23,11.9,16.4,2.3,-3.5,38.9,1031.1,0.9,1.4,0.7,Rain
9,2020-01-28,-3.1,-2.1,-18.0,-3.4,31.9,996.9,18.7,7.8,36.5,Cloudy
4,2021-03-24,29.3,35.2,24.3,-6.7,50.2,1002.2,13.6,4.3,57.7,Snow
2,2021-02-22,-7.0,-4.1,-13.1,22.5,50.2,1026.5,5.2,1.9,5.9,Cloudy
3,2021-10-10,3.7,6.1,1.1,15.4,21.3,1019.0,7.7,7.6,56.3,Snow
4,2020-09-15,4.1,8.5,-6.9,19.9,35.4,986.8,18.0,5.2,55.1,Rain
7,2021-01-21,6.2,8.1,-2.6,6.0,36.2,1011.6,16.0,8.9,9.7,Clear
8,2021-09-04,14.7,25.2,2.8,10.2,32.2,1029.7,13.6,0.4,41.2,Cloudy
10,2021-02-14,5.0,15.0,1.8,8.6,93.1,1035.8,18.4,14.7,1.1,Cloudy
9,2020-02-07,18.0,24.2,5.1,-4.9,98.5,1023.0,15.9,1.3,18.3,Snow
9,2021-08-31,24.1,24.4,11.8,-14.4,72.6,1005.6,12.3,10.4,34.2,Clear
2,2020-09-11,-5.1,-4.1,-13.9,5.8,79.4,1015.7,8.5,6.0,2.6,Snow
3,2021-10-24,5.1,19.7,-8.0,-1.8,67.0,1039.3,8.9,0.3,7.5,Clear
10,2021-10-22,13.0,27.5,2.6,-12.2,35.1,1034.0,16.8,9.3,64.4,Cloudy
6,2021-03-16,-8.7,3.7,-20.5,-4.6,76.7,995.0,0.9,3.0,17.9,Clear
1,2020-04-10,5.2,11.5,-2.4,4.1,41.7,982.0,12.1,5.9,29.9,Snow
4,2021-06-06,29.0,40.2,16.1,4.8,30.5,1028.7,4.2,6.6,6.5,Rain
8,2021-01-18,27.1,29.0,13.6,19.6,57.2,1032.1,12.4,12.0,43.2,Cloudy
8,2021-11-26,25.4,32.3,11.3,4.5,57.0,1035.0,16.4,8.3,18.0,Rain
6,2020-01-26,11.0,25.5,-0.3,17.4,22.6,1012.8,13.0,12.5,4.9,Cloudy
2,2020-10-29,28.4,36.6,25.4,-2.3,42.6,1017.2,1.1,2.4,81.3,Cloudy
2,2020-04-28,-4.0,-0.5,-10.8,5.7,81.1,1011.3,15.8,9.3,11.3,Rain
6,2020-11-15,-3.0,3.6,-9.0,14.7,66.5,1007.2,3.5,3.4,57.6,Snow
8,2020-07-30,9.1,16.8,6.5,11.5,88.2,998.1,9.9,14.6,33.3,Cloudy
6,2021-05-02,16.8,18.2,7.7,-11.4,96.7,1030.1,15.8,10.6,59.0,Clear
8,2021-12-14,10.2,23.1,-4.2,5.0,94.5,1020.8,10.8,6.8,20.9,Cloudy
6,2020-03-09,-9.8,-6.2,-17.4,0.2,55.9,1048.6,7.1,6.8,13.4,Snow
1,2021-12-28,-7.8,3.8,-16.4,15.4,32.0,1020.0,5.1,3.4,1.2,Clear
1,2020-12-17,-4.1,0.5,-5.9,24.4,44.7,989.1,4.1,8.8,6.4,Clear
3,2020-09-06,28.8,43.2,25.1,3.0,21.8,1024.8,8.3,4.1,20.7,Rain
9,2020-06-12,19.4,25.6,16.7,12.6,65.2,1040.1,2.4,11.8,67.4,Snow
9,2021-03-12,-4.8,5.6,-11.4,22.8,31.3,1025.0,7.7,14.4,33.0,Cloudy
4,2021-02-18,33.3,46.8,29.2,17.1,99.6,997.7,8.8,7.8,29.5,Rain
3,2021-10-17,-9.3,-6.0,-13.5,2.7,33.7,1041.1,14.1,1.3,65.0,Cloudy
7,2020-01-30,19.4,33.7,19.4,-5.1,94.2,1045.2,14.4,11.5,9.1,Rain
8,2021-08-29,13.1,16.6,10.4,17.4,30.8,1012.8,18.8,2.8,97.8,Cloudy
7,2020-01-05,34.7,43.0,32.1,-2.4,54.0,1001.7,5.7,14.6,15.3,Rain
4,2020-10-12,23.0,23.0,14.1,21.6,43.0,993.0,13.1,10.7,68.8,Clear
10,2020-04-14,4.4,8.2,-9.9,21.9,56.6,1039.2,9.1,6.4,15.7,Rain
6,2020-11-29,9.2,17.3,8.9,2.8,82.5,1027.6,12.7,13.6,1.8,Rain
8,2020-04-26,15.1,26.9,7.0,-2.0,30.9,1042.1,9.5,13.2,58.6,Snow
8,2021-06-24,20.3,32.4,10.4,0.9,61.1,1036.2,7.5,5.8,9.6,Snow
10,2021-02-01,31.2,32.6,21.5,1.5,52.4,1027.6,1.4,8.9,77.2,Cloudy
10,2020-04-26,27.3,29.9,13.8,11.2,90.5,1014.0,10.9,13.8,90.0,Snow
6,2021-04-13,10.2,14.3,4.3,0.5,42.9,998.8,17.2,1.0,67.8,Rain
5,2021-09-21,-2.2,3.0,-3.1,-4.2,81.5,1042.0,4.5,7.0,47.0,Clear
3,2020-11-16,29.3,40.7,21.6,11.8,87.8,980.7,8.1,13.6,74.0,Clear
4,2020-11-08,14.4,22.3,9.2,5.8,72.4,1009.3,14.3,12.9,15.5,Clear
3,2021-01-17,10.3,16.4,-0.0,-5.0,71.2,1041.4,8.4,13.7,99.3,Rain
9,2021-02-01,-5.2,-1.7,-19.5,23.3,27.8,981.0,3.3,14.9,18.0,Cloudy
10,2020-05-21,12.6,25.3,12.3,9.2,42.2,1040.4,5.7,10.3,67.4,Cloudy
7,2020-07-09,-0.0,0.5,-6.1,-3.4,84.7,1036.0,9.2,9.1,60.4,Cloudy
9,2021-12-11,27.2,33.6,23.1,-4.4,62.9,1011.4,8.9,1.4,71.9,Rain
9,2020-06-19,-0.4,2.6,-6.6,-5.9,66.7,1006.0,9.0,8.1,20.4,Cloudy
5,2020-05-23,-3.0,10.2,-9.5,1.5,22.8,1014.9,11.1,8.4,70.7,Rain
6,2021-04-06,-2.0,1.8,-14.2,22.9,30.9,1014.8,4.4,0.9,32.6,Clear
6,2020-01-10,-3.5,7.1,-11.5,-9.2,20.7,1036.6,3.6,9.1,33.7,Cloudy
3,2020-07-18,16.3,21.0,15.0,-6.1,35.0,1010.0,13.2,4.0,1.2,Cloudy
9,2021-06-01,13.4,22.5,-1.0,8.6,57.7,1020.1,18.6,12.4,32.3,Cloudy
7,2021-12-02,0.7,4.6,-6.9,14.8,60.3,984.7,14.5,12.1,28.9,Cloudy
7,2021-12-28,19.9,26.3,6.6,18.8,62.0,1028.4,17.7,7.4,31.3,Cloudy
8,2020-06-20,23.9,27.2,18.1,19.6,78.0,1008.3,4.4,5.3,28.4,Clear
10,2020-02-01,-2.1,9.0,-5.9,3.2,50.9,1048.7,7.9,1.2,9.0,Rain
5,2020-02-03,16.6,25.6,10.3,2.3,24.3,1016.2,10.1,2.2,10.4,Snow
4,2021-07-04,-4.4,-2.9,-13.5,-7.1,40.1,992.2,19.2,12.8,23.0,Snow
3,2021-04-13,4.7,7.8,-2.7,-14.2,73.7,1016.6,18.0,2.5,80.4,Cloudy
9,2021-06-07,25.6,27.5,19.6,-8.2,40.4,998.4,11.2,6.2,94.8,Clear
10,2020-04-26,-4.3,10.3,-7.8,15.9,47.1,990.0,17.2,4.6,65.9,Snow
9,2021-01-10,15.5,22.6,8.1,14.3,27.0,1026.8,17.9,0.9,14.1,Clear
8,2021-07-13,22.2,28.8,16.1,-9.5,60.5,988.9,9.6,11.5,25.8,Rain
7,2020-04-14,11.6,26.5,1.3,18.7,53.2,1033.8,0.9,1.8,20.3,Rain
5,2020-02-03,8.1,20.8,2.9,11.2,76.7,1021.0,7.2,8.7,34.2,Cloudy
5,2020-12-22,-6.2,8.7,-8.1,-12.1,90.3,1001.1,13.0,4.9,39.1,Clear
8,2020-04-30,1.8,6.9,-4.4,13.8,60.9,1046.0,0.9,7.5,58.4,Rain
4,2021-08-25,31.4,32.1,22.8,19.1,39.4,1041.3,0.5,11.0,93.3,Snow
10,2021-10-09,19.6,26.2,18.9,21.8,57.6,982.0,13.8,7.2,12.4,Cloudy
3,2021-09-22,-0.4,0.6,-9.0,9.9,60.5,1037.2,17.2,9.2,1.3,Rain
4,2020-07-30,21.3,27.6,12.8,11.0,48.0,1044.2,2.8,10.1,0.4,Clear
10,2020-12-25,31.6,33.3,30.2,-1.7,49.9,995.0,11.7,6.6,3.4,Snow
10,2021-07-05,4.4,16.6,-5.9,14.0,75.8,1001.8,2.1,4.1,83.2,Rain
6,2021-12-21,34.1,41.5,34.0,-9.4,45.8,1020.5,1.6,14.2,36.5,Snow
5,2021-08-09,31.1,42.8,19.8,9.3,70.1,1024.7,12.6,8.3,98.6,Snow
9,2021-11-26,23.0,34.7,9.9,-6.4,26.7,1013.8,10.3,12.4,44.4,Clear
3,2021-02-25,15.7,23.6,15.1,9.6,86.2,991.0,11.9,8.9,16.4,Clear
5,2021-11-02,-4.4,10.3,-10.3,-5.9,33.7,1026.7,12.2,9.7,8.8,Rain
3,2020-09-12,30.2,36.0,25.5,3.5,51.2,1040.5,18.6,4.6,86.4,Rain
6,2020-09-10,25.2,39.2,21.5,8.1,42.0,1037.7,0.2,8.5,33.9,Cloudy
8,2020-05-25,4.5,14.2,-8.3,9.4,88.3,998.5,10.4,6.8,1.2,Snow
7,2021-01-19,15.1,25.0,6.2,14.5,65.7,984.7,2.4,8.9,27.5,Cloudy
2,2021-10-10,-6.4,0.0,-14.7,-1.9,77.6,1025.1,6.7,11.3,64.9,Clear
7,2021-06-11,18.7,27.0,18.5,12.9,50.1,1046.0,16.4,8.8,25.2,Snow
6,2021-04-10,-0.8,4.3,-7.9,-3.2,61.2,991.6,19.6,1.6,93.2,Cloudy
